CODE,SHORT DESCRIPTION (VALID ICD-10 FY2025)
A058,Other specified bacterial foodborne intoxications
A1811,Tuberculosis of kidney and ureter
A228,Other forms of anthrax
A33,Tetanus neonatorum
A412,Sepsis due to unspecified staphylococcus
A5007,Early mucocutaneous congenital syphilis
A5210,"Symptomatic neurosyphilis, unspecified"
A5484,Gonococcal pneumonia
A673,Mixed lesions of pinta
A8100,"Creutzfeldt-Jakob disease, unspecified"
A9239,West Nile virus infection with other complications
B0221,Postherpetic geniculate ganglionitis
B0862,Sealpox
B2685,Mumps arthritis
B359,"Dermatophytosis, unspecified"
B417,Disseminated paracoccidioidomycosis
B510,Plasmodium vivax malaria with rupture of spleen
B6013,Keratoconjunctivitis due to Acanthamoeba
B7302,Onchocerciasis with glaucoma
B874,Aural myiasis
B970,Adenovirus as the cause of diseases classified elsewhere
C059,"Malignant neoplasm of palate, unspecified"
C169,"Malignant neoplasm of stomach, unspecified"
C311,Malignant neoplasm of ethmoidal sinus
C4081,Malig neoplm of ovrlp sites of bone/artic cartl of r limb
C441121,"Basal cell carcinoma skin/ right upper eyelid, inc canthus"
C4442,Squamous cell carcinoma of skin of scalp and neck
C459,"Mesothelioma, unspecified"
C4A11,"Merkel cell carcinoma of right eyelid, including canthus"
C50419,Malig neoplasm of upper-outer quadrant of unsp female breast
C5701,Malignant neoplasm of right fallopian tube
C672,Malignant neoplasm of lateral wall of bladder
C718,Malignant neoplasm of overlapping sites of brain
C775,Secondary and unsp malignant neoplasm of intrapelv nodes
C7A025,Malignant carcinoid tumor of the sigmoid colon
C8124,"Mix cellular Hdgkn lymph, nodes of axla and upper limb"
C819A,"Hodgkin lymphoma, unspecified, in remission"
C8245,"Foliclar lymph grade IIIb, nodes of ing rgn and lower limb"
C8300,"Small cell B-cell lymphoma, unspecified site"
C8374,"Burkitt lymphoma, lymph nodes of axilla and upper limb"
C841A,"Sezary disease, in remission"
C84A4,"Cutan T-cell lymphoma, unsp, nodes of axilla and upper limb"
C858A,"Other specified types of non-Hodgkin lymphoma, in remission"
C8891,"Malignant immunoproliferative disease, unsp, in remission"
C9231,"Myeloid sarcoma, in remission"
C9482,"Other specified leukemias, in relapse"
D0310,"Melanoma in situ of unspecified eyelid, including canthus"
D0510,Intraductal carcinoma in situ of unspecified breast
D125,Benign neoplasm of sigmoid colon
D1721,"Benign lipomatous neoplasm of skin, subcu of right arm"
D224,Melanocytic nevi of scalp and neck
D290,Benign neoplasm of penis
D329,"Benign neoplasm of meninges, unspecified"
D382,Neoplasm of uncertain behavior of pleura
D414,Neoplasm of uncertain behavior of bladder
D48110,Desmoid tumor of head and neck
D531,"Other megaloblastic anemias, not elsewhere classified"
D5744,Sickle-cell thalassemia beta plus without crisis
D61818,Other pancytopenia
D6942,Congenital and hereditary thrombocytopenia purpura
D750,Familial erythrocytosis
D81819,"Biotin-dependent carboxylase deficiency, unspecified"
D89813,"Graft-versus-host disease, unspecified"
E063,Autoimmune thyroiditis
E083512,"Diab with prolif diabetic rtnop with macular edema, left eye"
E08630,Diabetes due to underlying condition w periodontal disease
E093513,"Drug/chem diab with prolif diab rtnop with macular edema, bi"
E103292,"Type 1 diab with mild nonp rtnop without mclr edema, l eye"
E103592,"Type 1 diab with prolif diab rtnop without mclr edema, l eye"
E11329,Type 2 diab w mild nonprlf diabetic rtnop w/o macular edema
E113599,"Type 2 diab with prolif diab rtnop without mclr edema, unsp"
E133311,"Oth diab with moderate nonp rtnop with macular edema, r eye"
E1339,Oth diabetes mellitus w oth diabetic ophthalmic complication
E215,"Disorder of parathyroid gland, unspecified"
E300,Delayed puberty
E503,Vitamin A deficiency with corneal ulceration and xerosis
E661,Drug-induced obesity
E712,"Disorder of branched-chain amino-acid metabolism, unsp"
E7253,Primary hyperoxaluria
E75248,Other Niemann-Pick disease
E7982,Hereditary xanthinuria
E8582,Wild-type transthyretin-related (ATTR) amyloidosis
E89811,Postproc hemor of an endo sys org fol oth procedure
F02C0,"Dem in other dis classd elswhr, sev, w/o beh/psych/mood/anx"
F1010,"Alcohol abuse, uncomplicated"
F10959,"Alcohol use, unsp w alcohol-induced psychotic disorder, unsp"
F11982,"Opioid use, unspecified with opioid-induced sleep disorder"
F13139,"Sedatv/hyp/anxiolytc abuse with withdrawal, unspecified"
F1410,"Cocaine abuse, uncomplicated"
F15120,"Other stimulant abuse with intoxication, uncomplicated"
F16122,Hallucinogen abuse w intoxication w perceptual disturbance
F17229,"Nicotine dependence, chewing tobacco, w unsp disorders"
F19129,"Other psychoactive substance abuse with intoxication, unsp"
F19959,"Oth psychoactv substance use, unsp w psych disorder, unsp"
F3164,"Bipolar disord, crnt episode mixed, severe, w psych features"
F40231,Fear of injections and transfusions
F451,Undifferentiated somatoform disorder
F5103,Paradoxical insomnia
F6381,Intermittent explosive disorder
F842,Rett's syndrome
G031,Chronic meningitis
G130,Paraneoplastic neuromyopathy and neuropathy
G259,"Extrapyramidal and movement disorder, unspecified"
G40309,"Gen idiopathic epilepsy, not intractable, w/o stat epi"
G43109,"Migraine with aura, not intractable, w/o status migrainosus"
G44039,"Episodic paroxysmal hemicrania, not intractable"
G4701,Insomnia due to medical condition
G5131,"Clonic hemifacial spasm, right"
G5690,Unspecified mononeuropathy of unspecified upper limb
G601,Refsum's disease
G720,Drug-induced myopathy
G8322,Monoplegia of upper limb affecting left dominant side
G912,(Idiopathic) normal pressure hydrocephalus
G9611,Dural tear
H00033,"Abscess of eyelid right eye, unspecified eyelid"
H01125,Discoid lupus erythematosus of left lower eyelid
H02044,Spastic entropion of left upper eyelid
H02155,Paralytic ectropion of left lower eyelid
H02401,Unspecified ptosis of right eyelid
H02715,Chloasma of left lower eyelid and periocular area
H02855,Elephantiasis of left lower eyelid
H04123,Dry eye syndrome of bilateral lacrimal glands
H04419,Chronic dacryocystitis of unspecified lacrimal passage
H05012,Cellulitis of left orbit
H05311,Atrophy of right orbit
H10021,"Other mucopurulent conjunctivitis, right eye"
H10521,"Angular blepharoconjunctivitis, right eye"
H11119,"Conjunctival deposits, unspecified eye"
H11442,"Conjunctival cysts, left eye"
H15122,"Nodular episcleritis, left eye"
H16062,"Mycotic corneal ulcer, left eye"
H16259,"Phlyctenular keratoconjunctivitis, unspecified eye"
H169,Unspecified keratitis
H1813,"Bullous keratopathy, bilateral"
H1850,Unspecified hereditary corneal dystrophies
H18713,"Corneal ectasia, bilateral"
H20053,"Hypopyon, bilateral"
H21269,"Iris atrophy (essential) (progressive), unspecified eye"
H21541,"Posterior synechiae (iris), right eye"
H26009,"Unspecified infantile and juvenile cataract, unspecified eye"
H26239,"Glaucomatous flecks (subcapsular), unspecified eye"
H30033,"Focal chorioretinal inflammation, peripheral, bilateral"
H31021,"Solar retinopathy, right eye"
H319,Unspecified disorder of choroid
H33311,"Horseshoe tear of retina without detachment, right eye"
H34822,"Venous engorgement, left eye"
H35101,"Retinopathy of prematurity, unspecified, right eye"
H353132,"Nexdtve age-related mclr degn, bilateral, intermed dry stage"
H35419,"Lattice degeneration of retina, unspecified eye"
H36813,"Nonproliferative sickle-cell retinopathy, bilateral"
H401130,"Primary open-angle glaucoma, bilateral, stage unspecified"
H401390,"Pigmentary glaucoma, unspecified eye, stage unspecified"
H402232,"Chronic angle-closure glaucoma, bilateral, moderate stage"
H4042X4,"Glaucoma sec to eye inflam, left eye, indeterminate stage"
H40821,"Hypersecretion glaucoma, right eye"
H44022,"Vitreous abscess (chronic), left eye"
H44392,"Other degenerative disorders of globe, left eye"
H44642,"Retained (old) magnetic fb in post wall of globe, left eye"
H4601,"Optic papillitis, right eye"
H47312,"Coloboma of optic disc, left eye"
H4921,"Sixth [abducent] nerve palsy, right eye"
H50312,"Intermittent monocular esotropia, left eye"
H5122,"Internuclear ophthalmoplegia, left eye"
H53022,"Refractive amblyopia, left eye"
H53459,"Other localized visual field defect, unspecified eye"
H542,"Low vision, both eyes"
H578,Other specified disorders of eye and adnexa
H59329,Postproc hemor of unsp eye and adnexa fol oth proc
H60339,"Swimmer's ear, unspecified ear"
H61002,Unspecified perichondritis of left external ear
H61399,"Other acquired stenosis of external ear canal, unsp ear"
H6531,"Chronic mucoid otitis media, right ear"
H6693,"Otitis media, unspecified, bilateral"
H70012,"Subperiosteal abscess of mastoid, left ear"
H7133,"Diffuse cholesteatosis, bilateral"
H73812,"Atrophic flaccid tympanic membrane, left ear"
H7493,"Unspecified disorder of middle ear and mastoid, bilateral"
H818X2,"Other disorders of vestibular function, left ear"
H90A22,"Snsrnrl hear loss, uni, l ear, with rstrcd hear cntra side"
H93213,"Auditory recruitment, bilateral"
H95119,"Chronic inflammation of postmastoidectomy cavity, unsp ear"
I078,Other rheumatic tricuspid valve diseases
I21A9,Other myocardial infarction type
I25731,Athscl nonaut biological CABG w ang pctrs w documented spasm
I2782,Chronic pulmonary embolism
I408,Other acute myocarditis
I4811,Longstanding persistent atrial fibrillation
I5189,Other ill-defined heart diseases
I6309,Cerebral infarction due to thrombosis of precerebral artery
I63431,Cerebral infrc due to embolism of right post cerebral artery
I6619,Occlusion and stenosis of unsp anterior cerebral artery
I69043,Monoplg low lmb fol ntrm subarach hemor aff r nondom side
I69162,Oth parlyt syndrome fol ntrm intcrbl hemor aff left dom side
I69298,Other sequelae of other nontraumatic intracranial hemorrhage
I69818,Other symp and signs w cogn fnctns fol other cerebvasc dis
I69933,Monoplg upr lmb fol unsp cerebvasc dis aff right nondom side
I70243,Athscl native arteries of left leg w ulceration of ankle
I70369,"Athscl unsp type bypass of the extrm w gangrene, unsp extrm"
I70509,"Unsp athscl nonaut bio bypass of the extrm, unsp extremity"
I70629,"Athscl nonbiol bypass of the extrm w rest pain, unsp extrm"
I70743,Athscl type of bypass of the left leg w ulceration of ankle
I7151,"Supraceliac aneurysm of the thoracoabdominal aorta, ruptured"
I775,Necrosis of artery
I80242,Phlebitis and thrombophlebitis of left peroneal vein
I82463,"Acute embolism and thombos of calf muscular vein, bilateral"
I825Z1,Chr emblsm and thombos unsp deep veins of r dist low extrm
I82B23,"Chronic embolism and thrombosis of subclav vein, bilateral"
I83223,Varicos vn of l low extrem w ulc of ankle and inflammation
I87302,Chronic venous hypertension w/o comp of l low extrem
I97418,Intraop hemor/hemtom of circ sys org comp oth circ sys proc
J0381,Acute recurrent tonsillitis due to other specified organisms
J153,"Pneumonia due to streptococcus, group B"
J331,Polypoid sinus degeneration
J432,Centrilobular emphysema
J671,Bagassosis
J842,Lymphoid interstitial pneumonia
J95821,Acute postprocedural respiratory failure
K009,"Disorder of tooth development, unspecified"
K05229,"Aggressive periodontitis, generalized, unspecified severity"
K08191,"Complete loss of teeth due to other specified cause, class I"
K0882,Secondary occlusal trauma
K200,Eosinophilic esophagitis
K273,"Acute peptic ulcer, site unsp, w/o hemorrhage or perforation"
K31A11,"Gastric intestnl metaplasia without dysplasia, w the antrum"
K4111,"Bilateral femoral hernia, with gangrene, recurrent"
K50819,Crohn's disease of both small and lg int w unsp comp
K5190,"Ulcerative colitis, unspecified, without complications"
K560,Paralytic ileus
K5902,Outlet dysfunction constipation
K613,Ischiorectal abscess
K67,Disorders of peritoneum in infectious diseases classd elswhr
K750,Abscess of liver
K8061,"Calculus of GB and bile duct w cholecyst, unsp, w obst"
K858,Other acute pancreatitis
K9186,Retained cholelithiasis following cholecystectomy
L02212,"Cutaneous abscess of back [any part, except buttock]"
L02531,Carbuncle of right hand
L03221,Cellulitis of neck
L111,Transient acantholytic dermatosis [Grover]
L24A0 ,"Irritant cntct derm d/t friction or cntct w body fluids,unsp"
L4054,Psoriatic juvenile arthropathy
L519,"Erythema multiforme, unspecified"
L648,Other androgenic alopecia
L731,Pseudofolliculitis barbae
L851,Acquired keratosis [keratoderma] palmaris et plantaris
L89123,"Pressure ulcer of left upper back, stage 3"
L89304,"Pressure ulcer of unspecified buttock, stage 4"
L89606,Pressure-induced deep tissue damage of unspecified heel
L921,"Necrobiosis lipoidica, not elsewhere classified"
L97206,Non-prs chr ulc of unsp calf with bone invl w/o evd of necr
L97409,Non-prs chronic ulcer of unsp heel and midfoot w unsp severt
L97812,Non-prs chronic ulcer oth prt r low leg w fat layer exposed
L98419,Non-pressure chronic ulcer of buttock with unsp severity
M00119,"Pneumococcal arthritis, unspecified shoulder"
M00822,"Arthritis due to other bacteria, left elbow"
M02029,"Arthropathy following intestinal bypass, unspecified elbow"
M02232,"Postimmunization arthropathy, left wrist"
M02841,"Other reactive arthropathies, right hand"
M05132,Rheumatoid lung disease w rheumatoid arthritis of left wrist
M05349,Rheumatoid heart disease w rheumatoid arthritis of unsp hand
M05561,Rheumatoid polyneurop w rheumatoid arthritis of right knee
M05772,Rheu arthrit w rheu factor of left ank/ft w/o org/sys involv
M06079,"Rheumatoid arthritis w/o rheumatoid factor, unsp ank/ft"
M06379,"Rheumatoid nodule, unspecified ankle and foot"
M07672,"Enteropathic arthropathies, left ankle and foot"
M08272,"Juvenile rheumatoid arthritis w systemic onset, left ank/ft"
M08872,"Other juvenile arthritis, left ankle and foot"
M10079,"Idiopathic gout, unspecified ankle and foot"
M1029,"Drug-induced gout, multiple sites"
M1100,"Hydroxyapatite deposition disease, unspecified site"
M11212,"Other chondrocalcinosis, left shoulder"
M12019,"Chronic postrheumatic arthropathy, unspecified shoulder"
M12222,"Villonodular synovitis (pigmented), left elbow"
M12431,"Intermittent hydrarthrosis, right wrist"
M12839,"Oth specific arthropathies, NEC, unsp wrist"
M13842,"Other specified arthritis, left hand"
M14851,"Arthropathies in oth diseases classd elswhr, right hip"
M1831,"Unil post-trauma osteoarth of 1st carpometacarp jt, r hand"
M19249,"Secondary osteoarthritis, unspecified hand"
M1A0721,"Idiopathic chronic gout, left ankle and foot, with tophus"
M1A1791,"Lead-induced chronic gout, unsp ankle and foot, with tophus"
M1A28X1,"Drug-induced chronic gout, vertebrae, with tophus (tophi)"
M1A39X1,"Chronic gout due to renal impairment, multiple sites, w toph"
M1A9XX1,"Chronic gout, unspecified, with tophus (tophi)"
M21129,"Varus deformity, not elsewhere classified, unspecified elbow"
M21541,"Acquired clubfoot, right foot"
M21942,"Unspecified acquired deformity of hand, left hand"
M23051,"Cystic meniscus, posterior horn of lat mensc, right knee"
M23339,"Oth meniscus derangements, other medial meniscus, unsp knee"
M24041,Loose body in right finger joint(s)
M24252,"Disorder of ligament, left hip"
M24445,"Recurrent dislocation, left finger"
M24629,"Ankylosis, unspecified elbow"
M25022,"Hemarthrosis, left elbow"
M25219,"Flail joint, unspecified shoulder"
M25421,"Effusion, right elbow"
M25621,"Stiffness of right elbow, not elsewhere classified"
M25812,"Other specified joint disorders, left shoulder"
M2635,Rotation of fully erupted tooth or teeth
M2682,Posterior soft tissue impingement
M3302,Juvenile dermatomyositis with myopathy
M363,Arthropathy in other blood disorders
M41123,"Adolescent idiopathic scoliosis, cervicothoracic region"
M4211,"Adult osteochondrosis of spine, occipt-atlan-ax region"
M438X1,"Oth deforming dorsopathies, occipito-atlanto-axial region"
M4630,"Infection of intervertebral disc (pyogenic), site unsp"
M47011,"Anterior spinal artery comprsn synd, occipt-atlan-ax region"
M4803,"Spinal stenosis, cervicothoracic region"
M4843XS,"Fatigue fracture of vertebra, cervicothoracic region, sqla"
M4857XD,"Collapsed vert, NEC, lumbosacr rgn, subs for fx w routn heal"
M5023,"Other cervical disc displacement, cervicothoracic region"
M5145,"Schmorl's nodes, thoracolumbar region"
M5414,"Radiculopathy, thoracic region"
M60072,"Infective myositis, unspecified ankle"
M60262,"Foreign body granuloma of soft tissue, NEC, left lower leg"
M61071,"Myositis ossificans traumatica, right ankle and foot"
M61249,"Paralytic calcifcn and ossification of muscle, unsp hand"
M61452,"Other calcification of muscle, left thigh"
M62059,"Separation of muscle (nontraumatic), unspecified thigh"
M62271,"Nontraumatic ischemic infarction of muscle, right ank/ft"
M62579,"Muscle wasting and atrophy, NEC, unsp ankle and foot"
M65041,"Abscess of tendon sheath, right hand"
M65261,"Calcific tendinitis, right lower leg"
M6590,"Unspecified synovitis and tenosynovitis, unspecified site"
M66177,"Rupture of synovium, right toe(s)"
M6638,"Spontaneous rupture of flexor tendons, other site"
M67272,"Synovial hypertrophy, NEC, left ankle and foot"
M6748,"Ganglion, other site"
M67931,"Unspecified disorder of synovium and tendon, right forearm"
M70829,"Oth soft tissue disord rel to use/pressure, unsp upper arms"
M71032,"Abscess of bursa, left wrist"
M71331,"Other bursal cyst, right wrist"
M71569,"Other bursitis, not elsewhere classified, unspecified knee"
M7521,"Bicipital tendinitis, right shoulder"
M769,"Unspecified enthesopathy, lower limb, excluding foot"
M79651,Pain in right thigh
M80021G,"Age-rel osteopor w crnt path fx, r humer, 7thG"
M80049P,"Age-rel osteopor w crnt path fx, unsp hand, 7thP"
M80079A,"Age-rel osteopor w current path fracture, unsp ank/ft, init"
M80812G,"Oth osteopor w crnt path fx, l shldr, 7thG"
M80841P,"Oth osteopor w crnt path fx, r hand, subs for fx w malunion"
M80871A,"Oth osteopor w current path fracture, right ank/ft, init"
M818,Other osteoporosis without current pathological fracture
M84329S,"Stress fracture, unspecified humerus, sequela"
M84344D,"Stress fracture, right finger(s), subs for fx w routn heal"
M84361K,"Stress fracture, right tibia, subs for fx w nonunion"
M84374S,"Stress fracture, right foot, sequela"
M84412D,"Pathological fracture, l shoulder, subs for fx w routn heal"
M84434K,"Pathological fracture, left radius, subs for fx w nonunion"
M84451S,"Pathological fracture, right femur, sequela"
M84469D,"Path fx, unsp tibia and fibula, subs for fx w routn heal"
M84478K,"Pathological fracture, left toe(s), subs for fx w nonunion"
M84522S,"Path fracture in neoplastic disease, l humerus, sequela"
M84549D,"Path fx in neopltc dis, unsp hand, subs for fx w routn heal"
M84563K,"Path fx in neopltc disease, r fibula, subs for fx w nonunion"
M84576S,"Path fracture in neoplastic disease, unsp foot, sequela"
M84631D,"Path fx in oth disease, r ulna, subs for fx w routn heal"
M84650K,"Path fracture in oth disease, pelvis, subs for fx w nonunion"
M84664S,"Pathological fracture in other disease, left fibula, sequela"
M84750D,"Atypical femoral fracture, unspecified, 7thD"
M84758K,"Complete oblique atypical femoral fracture, left leg, 7thK"
M85051,"Fibrous dysplasia (monostotic), right thigh"
M85352,"Osteitis condensans, left thigh"
M85562,"Aneurysmal bone cyst, left lower leg"
M85871,"Oth disrd of bone density and structure, right ank/ft"
M86172,"Other acute osteomyelitis, left ankle and foot"
M8638,"Chronic multifocal osteomyelitis, other site"
M8660,"Other chronic osteomyelitis, unspecified site"
M87039,Idiopathic aseptic necrosis of unspecified carpus
M87150,"Osteonecrosis due to drugs, pelvis"
M87263,"Osteonecrosis due to previous trauma, unspecified tibia"
M87374,"Other secondary osteonecrosis, right foot"
M8789,"Other osteonecrosis, multiple sites"
M8908,"Algoneurodystrophy, other site"
M89242,"Other disorders of bone development and growth, left hand"
M89431,"Other hypertrophic osteoarthropathy, right forearm"
M89639,"Osteopathy after poliomyelitis, unspecified forearm"
M9050,"Osteonecrosis in diseases classified elsewhere, unsp site"
M90812,"Osteopathy in diseases classified elsewhere, left shoulder"
M92211,"Osteochondrosis (juvenile) of carpal lunate, right hand"
M93021,"Chronic slipped upper femoral epiphysis, stable, right hip"
M93811,"Other specified osteochondropathies, right shoulder"
M94211,"Chondromalacia, right shoulder"
M963,Postlaminectomy kyphosis
M9722XS,"Periprosth fx around internal prosth l ankle joint, sequela"
M9931,Osseous stenosis of neural canal of cervical region
M9981,Other biomechanical lesions of cervical region
N030,Chronic nephritic syndrome with minor glomerular abnormality
N069,Isolated proteinuria with unspecified morphologic lesion
N170,Acute kidney failure with tubular necrosis
N3010,Interstitial cystitis (chronic) without hematuria
N35819,"Other urethral stricture, male, unspecified site"
N4231,Prostatic intraepithelial neoplasia
N477,Other inflammatory diseases of prepuce
N529,"Male erectile dysfunction, unspecified"
N6325,"Unspecified lump in the left breast, overlapping quadrants"
N763,Subacute and chronic vulvitis
N80333,Superficial endometriosis of bilateral pelvic sidewall
N80532,Deep endometriosis of the cecum
N80D5,Endometriosis of the pudendal nerve
N83329,"Acquired atrophy of fallopian tube, unspecified side"
N889,"Noninflammatory disorder of cervix uteri, unspecified"
N942,Vaginismus
N99531,Infection of continent stoma of urinary tract
O020,Blighted ovum and nonhydatidiform mole
O0731,Shock following failed attempted termination of pregnancy
O09519,"Supervision of elderly primigravida, unspecified trimester"
O10212,"Pre-exist hyp chronic kidney disease comp preg, second tri"
O134,"Gestatnl htn without significant protein, comp childbirth"
O2213,"Genital varices in pregnancy, third trimester"
O23522,"Salpingo-oophoritis in pregnancy, second trimester"
O24919,"Unsp diabetes mellitus in pregnancy, unspecified trimester"
O26812,"Pregnancy related exhaustion and fatigue, second trimester"
O29099,"Oth pulmonary comp of anesth during preg, unsp trimester"
O30012,"Twin pregnancy, monochorionic/monoamniotic, second trimester"
O30229,"Quad preg w two or more monoamnio fetuses, unsp trimester"
O3102X3,"Papyraceous fetus, second trimester, fetus 3"
O3121X4,"Cont preg aft uterin dth of one fts or more, first tri, fts4"
O318X15,"Oth comp specific to multiple gest, first trimester, fetus 5"
O323XX9,"Maternal care for face, brow and chin presentation, oth"
O335XX4,"Matern care for disproprtn d/t unusually large fetus, fts4"
O34529,"Maternal care for prolapse of gravid uterus, unsp trimester"
O3503X4,"Mat care cnsl malf/damag fts, choroid plexus cysts, fetus 4"
O350XX5,"Maternal care for (suspected) cnsl malform in fetus, fetus 5"
O3519X9,"Mat care chromsoml abnlt in fts, other chromsoml abnlt, oth"
O358XX0,"Maternal care for oth fetal abnormality and damage, unsp"
O35FXX1,"Mat care oth fetl abnlt & damag, fetl ms anomal trunk, fts1"
O360912,"Maternal care for oth rhesus isoimmun, first tri, fetus 2"
O361193,"Maternal care for Anti-A sensitization, unsp tri, fetus 3"
O3622X4,"Maternal care for hydrops fetalis, second trimester, fetus 4"
O365915,"Matern care for oth or susp poor fetl grth, 1st tri, fts5"
O3663X9,"Maternal care for excess fetal growth, third trimester, oth"
O368190,"Decreased fetal movements, unsp trimester, unsp"
O368331,"Matern care for abnlt fetl hrt rate or rhym, 3rd tri, fts1"
O3691X2,"Maternal care for fetal problem, unsp, first tri, fetus 2"
O4100X3,"Oligohydramnios, unspecified trimester, fetus 3"
O411094,"Infct of amniotic sac and membrns, unsp, unsp tri, fetus 4"
O411435,"Placentitis, third trimester, fetus 5"
O4191X9,"Disorder of amniotic fluid and membrns, unsp, first tri, oth"
O43122,"Velamentous insertion of umbilical cord, second trimester"
O4443,"Low lying placenta NOS or without hemor, third trimester"
O4691,"Antepartum hemorrhage, unspecified, first trimester"
O6022X2,"Term delivery with preterm labor, second trimester, fetus 2"
O643XX2,"Obstructed labor due to brow presentation, fetus 2"
O669,"Obstructed labor, unspecified"
O6981X3,"Labor and del comp by cord around neck, w/o comprsn, fetus 3"
O721,Other immediate postpartum hemorrhage
O8689,Other specified puerperal infections
O902,Hematoma of obstetric wound
O98012,"Tuberculosis complicating pregnancy, second trimester"
O98819,"Oth maternal infec/parastc diseases comp preg, unsp tri"
O99335,Smoking (tobacco) complicating the puerperium
O99844,Bariatric surgery status complicating childbirth
P012,Newborn (suspected to be) affected by oligohydramnios
P0441,Newborn affected by maternal use of cocaine
P0732,"Preterm newborn, gestational age 29 completed weeks"
P140,Erb's paralysis due to birth injury
P268,Oth pulmonary hemorrhages origin in the perinatal period
P3639,Sepsis of newborn due to other staphylococci
P546,Neonatal vaginal hemorrhage
P714,Transitory neonatal hypoparathyroidism
P830,Sclerema neonatorum
P95,Stillbirth
Q0700,Arnold-Chiari syndrome without spina bifida or hydrocephalus
Q170,Accessory auricle
Q224,Congenital tricuspid stenosis
Q262,Total anomalous pulmonary venous connection
Q336,Congenital hypoplasia and dysplasia of lung
Q418,"Congenital absence, atresia and stenosis of prt sm int"
Q5121,Complete doubling of uterus
Q539,"Undescended testicle, unspecified"
Q6210,"Congenital occlusion of ureter, unspecified"
Q6531,"Congenital partial dislocation of right hip, unilateral"
Q7102,Congenital complete absence of left upper limb
Q7230,Congenital absence of unspecified foot and toe(s)
Q75041,"Lambdoid craniosynostosis, unilateral"
Q785,Metaphyseal dysplasia
Q8501,"Neurofibromatosis, type 1"
Q917,"Trisomy 13, unspecified"
Q986,Male with structurally abnormal sex chromosome
R071,Chest pain on breathing
R1112,Projectile vomiting
R196,Halitosis
R296,Repeated falls
R2991,Unsp symptoms and signs involving the musculoskeletal system
R402120,"Coma scale, eyes open, to pain, unspecified time"
R402330,"Coma scale, best motor, abnormal flexion, unspecified time"
R413,Other amnesia
R488,Other symbolic dysfunctions
R632,Polyphagia
R780,Finding of alcohol in blood
R836,Abnormal cytological findings in cerebrospinal fluid
R87610,Atyp squam cell of undet signfc cyto smr crvx (ASC-US)
R92321,"Mammographic fibroglandular density, right breast"
R946,Abnormal results of thyroid function studies
S00209S,"Unsp superfic inj unsp eyelid and perioculr area, sequela"
S00272D,"Oth superfic bite of left eyelid and periocular area, subs"
S00422A,"Blister (nonthermal) of left ear, initial encounter"
S00479S,"Other superficial bite of unspecified ear, sequela"
S0080XD,"Unsp superficial injury of other part of head, subs encntr"
S0101XA,"Laceration without foreign body of scalp, initial encounter"
S01139S,"Pnctr w/o fb of unsp eyelid and periocular area, sequela"
S01312D,"Laceration without foreign body of left ear, subs encntr"
S01411A,"Laceration w/o fb of right cheek and TMJ area, init"
S01502S,"Unspecified open wound of oral cavity, sequela"
S0190XD,"Unsp open wound of unspecified part of head, subs encntr"
S02110G,"Type I occipital condyle fracture, unsp side, subs for fx w delay heal"
S0211CS,"Type II occipital condyle fracture, right side, sequela"
S0219XB,"Oth fracture of base of skull, init encntr for open fracture"
S02402G,"Zygomatic fracture, unsp side, subs for fx w delay heal"
S02412S,"LeFort II fracture, sequela"
S02611B,"Fracture of condylar process of right mandible, 7thB"
S02631G,"Fracture of coronoid process of right mandible, 7thG"
S02651S,"Fracture of angle of right mandible, sequela"
S0280XB,"Fx oth skull and facial bones, unspecified side, 7thB"
S02849G,"Fracture of lateral orbital wall, unspecified side, 7thG"
S0340XS,"Sprain of jaw, unspecified side, sequela"
S0410XD,"Injury of oculomotor nerve, unspecified side, subs encntr"
S0462XA,"Injury of acoustic nerve, left side, initial encounter"
S0512XS,"Contusion of eyeball and orbital tissues, left eye, sequela"
S0571XD,"Avulsion of right eye, subsequent encounter"
S060X9A,"Concussion w loss of consciousness of unsp duration, init"
S062X3S,"Diffuse TBI w LOC of 1-5 hrs 59 min, sequela"
S06309D,"Unsp focal TBI w LOC of unsp duration, subs"
S06324A,"Contus/lac left cerebrum w LOC of 6 hours to 24 hours, init"
S06339S,"Contus/lac cereb, w LOC of unsp duration, sequela"
S06354D,"Traum hemor left cerebrum w LOC of 6 hours to 24 hours, subs"
S0636AA,"Traum hemor cereb, with LOC status unknown, init"
S06384S,"Contus/lac/hem brainstem w LOC of 6-24 hrs, sequela"
S064XAD,"Epidural hemorrhage with LOC status unknown, subs"
S066X5A,"Traum subrac hem w LOC >24 hr w ret consc lev, init"
S0681AS,"Inj r int crtd, intcrn portion, NEC LOC status unknown, sqla"
S06895D,"Intcran inj w LOC >24 hr w ret consc lev, subs"
S069X1D,"Unsp intracranial injury w LOC of 30 minutes or less, subs"
S08111A,"Complete traumatic amputation of right ear, init encntr"
S0922XS,"Traumatic rupture of left ear drum, sequela"
S1010XD,"Unspecified superficial injuries of throat, subs encntr"
S1092XA,"Blister (nonthermal) of unsp part of neck, init encntr"
S11025S,"Open bite of trachea, sequela"
S1123XD,"Pnctr w/o fb of pharynx and cervical esophagus, subs"
S12000G,"Unsp disp fx of first cervcal vert, subs for fx w delay heal"
S12090S,"Other displaced fracture of first cervical vertebra, sequela"
S12130B,"Unsp traum displ spondylolysis of 2nd cervcal vert, 7thB"
S12201G,"Unsp nondisp fx of 3rd cervcal vert, 7thG"
S12300S,"Unspecified disp fx of fourth cervical vertebra, sequela"
S12400B,"Unsp disp fx of fifth cervical vertebra, init for opn fx"
S12491G,"Oth nondisp fx of 5th cervcal vert, subs for fx w delay heal"
S12590S,"Other displaced fracture of sixth cervical vertebra, sequela"
S12690B,"Oth disp fx of seventh cervical vertebra, init for opn fx"
S13150A,"Subluxation of C4/C5 cervical vertebrae, initial encounter"
S14102S,"Unsp injury at C2 level of cervical spinal cord, sequela"
S14121D,"Central cord syndrome at C1, subs"
S14139A,"Ant cord syndrome at unsp level of cerv spinal cord, init"
S14157S,"Oth incomplete lesion at C7, sequela"
S15029D,"Major laceration of unspecified carotid artery, subs encntr"
S15202A,"Unsp injury of left external jugular vein, init encntr"
S15319S,"Minor laceration of unsp internal jugular vein, sequela"
S1981XD,"Other specified injuries of larynx, subsequent encounter"
S20122A,"Blister (nonthermal) of breast, left breast, init encntr"
S20212S,"Contusion of left front wall of thorax, sequela"
S20314D,"Abrasion of middle front wall of thorax, subs"
S20361A,"Insect bite (nonvenomous) of r frnt wl of thorax, init"
S20421S,"Blister (nonthermal) of right back wall of thorax, sequela"
S2092XD,"Blister (nonthermal) of unsp parts of thorax, subs encntr"
S21041A,"Puncture wound w foreign body of right breast, init encntr"
S21132S,"Pnctr w/o fb of l frnt wl of thorax w/o penet thor cav, sqla"
S21231D,"Pnctr w/o fb of r bk wl of thorax w/o penet thor cav, subs"
S21329A,"Lac w fb of unsp front wall of thorax w penet thor cav, init"
S21421S,"Lac w fb of r bk wl of thorax w penet thor cavity, sequela"
S2195XD,"Open bite of unspecified part of thorax, subs encntr"
S22018A,"Oth fracture of first thoracic vertebra, init for clos fx"
S22031D,"Stable burst fx third thor vert, subs for fx w routn heal"
S22049K,"Unsp fx fourth thor vertebra, subs for fx w nonunion"
S22068A,"Oth fracture of T7-T8 thoracic vertebra, init for clos fx"
S22081D,"Stable burst fx T11-T12 vertebra, subs for fx w routn heal"
S2224XK,"Fracture of xiphoid process, subs for fx w nonunion"
S229XXA,"Fracture of bony thorax, part unsp, init for clos fx"
S23141S,"Dislocation of T6/T7 thoracic vertebra, sequela"
S23420D,"Sprain of sternoclavicular (joint) (ligament), subs encntr"
S24131A,"Anterior cord syndrome at T1, init"
S243XXS,"Injury of peripheral nerves of thorax, sequela"
S25191D,"Inj right innominate or subclavian artery, subs encntr"
S25392A,"Inj left innominate or subclavian vein, init encntr"
S25509S,"Unsp injury of intercostal blood vessels, unsp side, sequela"
S2591XD,"Laceration of unsp blood vessel of thorax, subs encntr"
S271XXA,"Traumatic hemothorax, initial encounter"
S27399S,"Other injuries of lung, unspecified, sequela"
S2751XD,"Primary blast injury of thoracic trachea, subs encntr"
S27898A,"Other injury of oth intrathoracic organs, init encntr"
S29019S,"Strain of muscle and tendon of unsp wall of thorax, sequela"
S30810D,"Abrasion of lower back and pelvis, subsequent encounter"
S30841A,"External constriction of abdominal wall, initial encounter"
S30862S,"Insect bite (nonvenomous) of penis, sequela"
S3094XD,"Unsp superficial injury of scrotum and testes, subs encntr"
S31100A,"Unsp opn wnd abd wall, r upper q w/o penet perit cav, init"
S31122S,"Lacerat abd wall w fb, epigst rgn w/o penet perit cav, sqla"
S31145D,"Pnctr of abd wl w fb, periumb rgn w/o penet perit cav, subs"
S3132XA,"Laceration w foreign body of scrotum and testes, init encntr"
S31531S,"Pnctr w/o fb of unsp external genital organs, male, sequela"
S31614D,"Lac w/o fb of abd wall, left lower q w penet perit cav, subs"
S31640A,"Pnctr w fb of abd wall, r upper q w penet perit cav, init"
S31803S,"Puncture wound without foreign body of unsp buttock, sequela"
S31832D,"Laceration with foreign body of anus, subsequent encounter"
S32011A,"Stable burst fracture of first lumbar vertebra, init"
S32029D,"Unsp fx second lum vertebra, subs for fx w routn heal"
S32042K,"Unstbl burst fx fourth lum vertebra, subs for fx w nonunion"
S32110A,"Nondisplaced Zone I fracture of sacrum, init for clos fx"
S32130D,"Nondisp Zone III fx sacrum, subs for fx w routn heal"
S3219XK,"Oth fracture of sacrum, subs encntr for fracture w nonunion"
S32315A,"Nondisplaced avulsion fracture of left ilium, init"
S32411D,"Disp fx of ant wall of r acetab, subs for fx w routn heal"
S32423K,"Disp fx of post wall of unsp acetab, subs for fx w nonunion"
S32436A,"Nondisp fx of anterior column of unsp acetabulum, init"
S32452D,"Displ transverse fx left acetab, subs for fx w routn heal"
S32464K,"Nondisp assoc transv/post fx r acetab, 7thK"
S32481A,"Displaced dome fracture of right acetabulum, init"
S32499D,"Oth fracture of unsp acetabulum, subs for fx w routn heal"
S32592K,"Oth fracture of left pubis, subs for fx w nonunion"
S32615A,"Nondisplaced avulsion fracture of left ischium, init"
S3289XD,"Fracture of oth parts of pelvis, subs for fx w routn heal"
S3339XD,"Dislocation of oth prt lumbar spine and pelvis, subs encntr"
S34114A,"Complete lesion of L4 level of lumbar spinal cord, init"
S345XXS,"Inj lumbar, sacral and pelvic sympathetic nerves, sequela"
S35222D,"Major laceration of superior mesenteric artery, subs encntr"
S35331A,"Laceration of superior mesenteric vein, initial encounter"
S35415S,"Laceration of left renal vein, sequela"
S35533D,"Injury of unspecified uterine artery, subsequent encounter"
S36032A,"Major laceration of spleen, initial encounter"
S36201S,"Unspecified injury of body of pancreas, sequela"
S36252D,"Moderate laceration of tail of pancreas, subs encntr"
S36410A,"Primary blast injury of duodenum, initial encounter"
S36508S,"Unspecified injury of other part of colon, sequela"
S36533D,"Laceration of sigmoid colon, subsequent encounter"
S36898A,"Other injury of other intra-abdominal organs, init encntr"
S37032S,"Laceration of left kidney, unspecified degree, sequela"
S3719XD,"Other injury of ureter, subsequent encounter"
S37439A,"Laceration of ovary, unspecified, initial encounter"
S37591S,"Other injury of fallopian tube, unilateral, sequela"
S37898D,"Other injury of other urinary and pelvic organ, subs encntr"
S38232A,"Partial traumatic amputation of scrotum and testis, init"
S3983XS,"Other specified injuries of pelvis, sequela"
S40222D,"Blister (nonthermal) of left shoulder, subsequent encounter"
S40821A,"Blister (nonthermal) of right upper arm, initial encounter"
S40912S,"Unspecified superficial injury of left shoulder, sequela"
S41041D,"Puncture wound w foreign body of right shoulder, subs encntr"
S41139A,"Puncture wound w/o foreign body of unsp upper arm, init"
S42012B,"Ant disp fx of sternal end of l clavicle, init for opn fx"
S42019D,"Nondisp fx of sternal end unsp clavicle, 7thD"
S42031G,"Disp fx of lateral end r clavicle, subs for fx w delay heal"
S42102K,"Fx unsp part of scapula, l shoulder, subs for fx w nonunion"
S42116P,"Nondisp fx of body of scapula, unsp shldr, 7thP"
S42131S,"Disp fx of coracoid process, right shoulder, sequela"
S42143A,"Disp fx of glenoid cavity of scapula, unsp shoulder, init"
S42154B,"Nondisp fx of neck of scapula, r shoulder, init for opn fx"
S42202D,"Unsp fx upper end of l humerus, subs for fx w routn heal"
S42216G,"Unsp nondisp fx of surg nk of unsp humer, 7thG"
S42231K,"3-part fx surgical neck of r humerus, subs for fx w nonunion"
S42252P,"Disp fx of greater tuberosity of l humer, 7thP"
S42263S,"Disp fx of lesser tuberosity of unspecified humerus, sequela"
S42292G,"Oth disp fx of upper end l humer, subs for fx w delay heal"
S42309K,"Unsp fx shaft of humerus, unsp arm, subs for fx w nonunion"
S42325B,"Nondisp transverse fx shaft of humer, l arm, init for opn fx"
S42336D,"Nondisp oblique fx shaft of humer, unsp arm, 7thD"
S42351G,"Displ commnt fx shaft of humer, r arm, 7thG"
S42362K,"Displ seg fx shaft of humer, l arm, subs for fx w nonunion"
S42399P,"Oth fx shaft of unsp humerus, subs for fx w malunion"
S42414S,"Nondisp simple suprcndl fx w/o intrcndl fx r humer, sequela"
S42426A,"Nondisp commnt suprcndl fx w/o intrcndl fx unsp humer, init"
S42441B,"Disp fx of medial epicondyle of r humerus, init for opn fx"
S42448D,"Incarcerated fx of med epicondyl of l humer, 7thD"
S42456G,"Nondisp fx of lateral condyle of unsp humer, 7thG"
S42471K,"Displaced transcondy fx r humerus, subs for fx w nonunion"
S42489A,"Torus fracture of lower end of unsp humerus, init"
S4290XD,"Fx unsp shoulder girdle, part unsp, subs for fx w routn heal"
S43015D,"Anterior dislocation of left humerus, subsequent encounter"
S43084A,"Other dislocation of right shoulder joint, initial encounter"
S43142S,"Inferior dislocation of l acromioclav jt, sequela"
S43221D,"Posterior subluxation of right sternoclavicular joint, subs"
S43316A,"Dislocation of unspecified scapula, initial encounter"
S43431S,"Superior glenoid labrum lesion of right shoulder, sequela"
S4392XD,"Sprain of unsp parts of left shoulder girdle, subs encntr"
S4451XA,"Inj cutan sensory nerve at shldr/up arm, right arm, init"
S45099S,"Oth injury of axillary artery, unspecified side, sequela"
S45292D,"Inj axillary or brachial vein, left side, subs encntr"
S45891A,"Inj oth blood vessels at shldr/up arm, right arm, init"
S46012S,"Strain of musc/tend the rotator cuff of l shoulder, sequela"
S46191D,"Inj musc/fasc/tend long head of biceps, right arm, subs"
S46309A,"Unsp injury of musc/fasc/tend triceps, unsp arm, init"
S46821S,"Lacerat musc/fasc/tend at shldr/up arm, right arm, sequela"
S46999D,"Inj unsp musc/fasc/tend at shldr/up arm, unsp arm, subs"
S48912A,"Complete traum amp of left shldr/up arm, level unsp, init"
S49019S,"Sltr-haris Type I physl fx upper end humer, unsp arm, sqla"
S49049D,"Sltr-haris Type IV physl fx upr end humer, unsp arm, 7thD"
S49112K,"Sltr-haris Type I physl fx low end humer, l arm, 7thK"
S49141S,"Sltr-haris Type IV physl fx lower end humer, right arm, sqla"
S5000XD,"Contusion of unspecified elbow, subsequent encounter"
S50359A,"Superficial foreign body of unspecified elbow, init encntr"
S50851S,"Superficial foreign body of right forearm, sequela"
S51009D,"Unspecified open wound of unspecified elbow, subs encntr"
S51802A,"Unspecified open wound of left forearm, initial encounter"
S51859S,"Open bite of unspecified forearm, sequela"
S52011D,"Torus fx upper end of right ulna, subs for fx w routn heal"
S52023B,"Disp fx of olecran pro w/o intartic extn unsp ulna, 7thB"
S52026D,"Nondisp fx of olecran pro w/o intartic extn unsp ulna, 7thD"
S52033F,"Disp fx of olecran pro w intartic extn unsp ulna, 7thF"
S52036H,"Nondisp fx of olecran pro w intartic extn unsp ulna, 7thH"
S52043K,"Disp fx of coronoid pro of unsp ulna, 7thK"
S52046N,"Nondisp fx of coronoid pro of unsp ulna, 7thN"
S52099Q,"Oth fx upr end unsp ulna, 7thQ"
S52109S,"Unsp fracture of upper end of unspecified radius, sequela"
S52122S,"Displaced fracture of head of left radius, sequela"
S52126B,"Nondisp fx of head of unsp radius, init for opn fx type I/2"
S52133D,"Disp fx of neck of unsp rad, subs for clos fx w routn heal"
S52136F,"Nondisp fx of nk of unsp rad, 7thF"
S52189H,"Oth fx upr end unsp rad, 7thH"
S52209K,"Unsp fx shaft of unsp ulna, subs for clos fx w nonunion"
S52222K,"Displ transverse fx shaft of l ulna, 7thK"
S52225N,"Nondisp transverse fx shaft of l ulna, 7thN"
S52232Q,"Displ oblique fx shaft of l ulna, 7thQ"
S52235S,"Nondisplaced oblique fracture of shaft of left ulna, sequela"
S52243B,"Displ spiral fx shaft of ulna, unsp arm, 7thB"
S52246D,"Nondisp spiral fx shaft of ulna, unsp arm, 7thD"
S52253F,"Displ commnt fx shaft of ulna, unsp arm, 7thF"
S52256H,"Nondisp commnt fx shaft of ulna, unsp arm, 7thH"
S52263K,"Displ seg fx shaft of ulna, unsp arm, 7thK"
S52266N,"Nondisp seg fx shaft of ulna, unsp arm, 7thN"
S52279Q,"Monteggia's fx unsp ulna, 7thQ"
S52283S,"Bent bone of unspecified ulna, sequela"
S52301B,"Unsp fracture of shaft of r radius, init for opn fx type I/2"
S52311K,"Greenstick fx shaft of rad, r arm, subs for fx w nonunion"
S52323D,"Displ transverse fx shaft of unsp rad, 7thD"
S52326F,"Nondisp transverse fx shaft of unsp rad, 7thF"
S52333H,"Displ oblique fx shaft of unsp rad, 7thH"
S52336K,"Nondisp oblique fx shaft of unsp rad, 7thK"
S52343N,"Displ spiral fx shaft of rad, unsp arm, 7thN"
S52346Q,"Nondisp spiral fx shaft of rad, unsp arm, 7thQ"
S52353S,"Displaced comminuted fx shaft of radius, unsp arm, sequela"
S52361B,"Displ seg fx shaft of rad, r arm, init for opn fx type I/2"
S52364D,"Nondisp seg fx shaft of rad, r arm, 7thD"
S52371F,"Galeazzi's fx r rad, 7thF"
S52381H,"Bent bone of r radius, subs for opn fx type I/2 w delay heal"
S52391K,"Oth fx shaft of rad, right arm, subs for clos fx w nonunion"
S52501N,"Unsp fx the low end r rad, 7thN"
S52511Q,"Disp fx of r radial styloid pro, 7thQ"
S52514S,"Nondisp fx of right radial styloid process, sequela"
S52529S,"Torus fracture of lower end of unspecified radius, sequela"
S52541B,"Smith's fracture of right radius, init for opn fx type I/2"
S52551D,"Oth extrartic fx low end r rad, 7thD"
S52561F,"Barton's fx r rad, subs for opn fx type 3A/B/C w routn heal"
S52571H,"Oth intartic fx low end r rad, 7thH"
S52591K,"Oth fx of lower end of r radius, subs for clos fx w nonunion"
S52601N,"Unsp fx low end r ulna, 7thN"
S52611Q,"Disp fx of r ulna styloid pro, 7thQ"
S52614S,"Nondisplaced fracture of right ulna styloid process, sequela"
S52629S,"Torus fracture of lower end of unspecified ulna, sequela"
S5290XB,"Unsp fracture of unsp forearm, init for opn fx type I/2"
S53002A,"Unspecified subluxation of left radial head, init encntr"
S53026S,"Posterior dislocation of unspecified radial head, sequela"
S53112D,"Anterior subluxation of left ulnohumeral joint, subs encntr"
S53141A,"Lateral subluxation of right ulnohumeral joint, init encntr"
S5331XS,"Traumatic rupture of right ulnar collat ligament, sequela"
S53491D,"Other sprain of right elbow, subsequent encounter"
S548X9A,"Injury of oth nerves at forearm level, unsp arm, init"
S55111S,"Laceration of radial artery at forarm lv, right arm, sequela"
S55809D,"Unsp injury of blood vessels at forarm lv, unsp arm, subs"
S56002A,"Unsp inj flexor musc/fasc/tend l thm at forarm lv, init"
S56106S,"Unsp inj flexor musc/fasc/tend l rng fngr at forarm lv, sqla"
S56125D,"Lacerat flexor musc/fasc/tend r rng fngr at forarm lv, subs"
S56211A,"Strain flexor musc/fasc/tend at forarm lv, right arm, init"
S56322S,"Lacerat extn/abdr musc/fasc/tend of l thm at forarm lv, sqla"
S56414D,"Strain extn musc/fasc/tend l mid finger at forarm lv, subs"
S56493A,"Inj extensor musc/fasc/tend r mid finger at forarm lv, init"
S56591S,"Inj extn musc/fasc/tend at forearm level, right arm, sequela"
S56909D,"Unsp inj unsp musc/fasc/tend at forarm lv, unsp arm, subs"
S58012A,"Complete traumatic amputation at elbow level, left arm, init"
S58929S,"Partial traumatic amp of unsp forearm, level unsp, sequela"
S59029D,"Sltr-haris Type II physl fx low end ulna, unsp arm, 7thD"
S59092K,"Oth physl fx low end ulna, left arm, subs for fx w nonunion"
S59121S,"Sltr-haris Type II physl fx upper end rad, right arm, sqla"
S59191D,"Oth physl fx upper end rad, r arm, subs for fx w routn heal"
S59219K,"Sltr-haris Type I physl fx low end rad, unsp arm, 7thK"
S59242S,"Sltr-haris Type IV physl fx lower end radius, left arm, sqla"
S59909D,"Unspecified injury of unspecified elbow, subs encntr"
S60051A,"Contusion of right little finger w/o damage to nail, init"
S60151S,"Contusion of right little finger w damage to nail, sequela"
S60349D,"External constriction of unspecified thumb, subs encntr"
S60414A,"Abrasion of right ring finger, initial encounter"
S60440S,"External constriction of right index finger, sequela"
S60457D,"Superficial foreign body of left little finger, subs encntr"
S60474A,"Other superficial bite of right ring finger, init encntr"
S60552S,"Superficial foreign body of left hand, sequela"
S60851D,"Superficial foreign body of right wrist, subs encntr"
S60939A,"Unsp superficial injury of unspecified thumb, init encntr"
S61019S,"Laceration w/o fb of thmb w/o damage to nail, sequela"
S61112D,"Laceration w/o fb of left thumb w damage to nail, subs"
S61203A,"Unsp open wound of l mid finger w/o damage to nail, init"
S61219S,"Laceration w/o fb of unsp finger w/o damage to nail, sequela"
S61236D,"Pnctr w/o fb of r little finger w/o damage to nail, subs"
S61253A,"Open bite of left middle finger w/o damage to nail, init"
S61309S,"Unsp open wound of unsp finger with damage to nail, sequela"
S61326D,"Laceration w fb of r little finger w damage to nail, subs"
S61343A,"Pnctr w foreign body of l mid finger w damage to nail, init"
S61359S,"Open bite of unspecified finger with damage to nail, sequela"
S61452D,"Open bite of left hand, subsequent encounter"
S61551A,"Open bite of right wrist, initial encounter"
S62013S,"Disp fx of distal pole of navic bone of unsp wrist, sequela"
S62025A,"Nondisp fx of middle third of navic bone of l wrist, init"
S62036B,"Nondisp fx of prox 3rd of navic bone of unsp wrs, 7thB"
S62114D,"Nondisp fx of triquetrum bone, r wrs, 7thD"
S62125G,"Nondisp fx of lunate, left wrist, subs for fx w delay heal"
S62136K,"Nondisp fx of capitate bone, unsp wrs, 7thK"
S62151P,"Disp fx of hook pro of hamate bone, r wrs, 7thP"
S62162S,"Displaced fracture of pisiform, left wrist, sequela"
S62174A,"Nondisp fx of trapezium, right wrist, init for clos fx"
S62185B,"Nondisp fx of trapezoid, left wrist, init for opn fx"
S62213D,"Bennett's fracture, unsp hand, subs for fx w routn heal"
S62231G,"Oth disp fx of base of 1st MC bone, r hand, 7thG"
S62242K,"Disp fx of shaft of 1st MC bone, l hand, 7thK"
S62253P,"Disp fx of nk of 1st MC bone, unsp hand, 7thP"
S62300S,"Unsp fracture of second metacarpal bone, right hand, sequela"
S62308A,"Unsp fracture of oth metacarpal bone, init for clos fx"
S62315B,"Disp fx of base of fourth MC bone, l hand, init for opn fx"
S62322D,"Disp fx of shaft of 3rd MC bone, r hand, 7thD"
S62329G,"Disp fx of shaft of unsp MC bone, subs for fx w delay heal"
S62336K,"Disp fx of nk of 5th MC bone, r hand, subs for fx w nonunion"
S62343P,"Nondisp fx of base of 3rd MC bone, l hand, 7thP"
S62350S,"Nondisp fx of shaft of second MC bone, right hand, sequela"
S62358A,"Nondisp fx of shaft of oth metacarpal bone, init for clos fx"
S62365B,"Nondisp fx of neck of 4th MC bone, l hand, init for opn fx"
S62392D,"Oth fx third MC bone, right hand, subs for fx w routn heal"
S62399G,"Oth fx unsp metacarpal bone, subs for fx w delay heal"
S62514K,"Nondisp fx of prox phalanx of r thm, subs for fx w nonunion"
S62525P,"Nondisp fx of dist phalanx of l thm, subs for fx w malunion"
S62605S,"Fracture of unspecified phalanx of left ring finger, sequela"
S62613A,"Disp fx of proximal phalanx of left middle finger, init"
S62620B,"Disp fx of middle phalanx of r idx fngr, init for opn fx"
S62627D,"Disp fx of middle phalanx of left little finger, 7thD"
S62634G,"Disp fx of dist phalanx of r rng fngr, 7thG"
S62641K,"Nondisp fx of prox phalanx of l idx fngr, 7thK"
S62648P,"Nondisp fx of prox phalanx of finger, subs for fx w malunion"
S62655S,"Nondisp fx of middle phalanx of left ring finger, sequela"
S62663A,"Nondisp fx of distal phalanx of left middle finger, init"
S6290XB,"Unsp fracture of unsp wrist and hand, init for opn fx"
S63015A,"Dislocation of distal radioulnar joint of left wrist, init"
S63043S,"Subluxation of carpometacarpal joint of unsp thumb, sequela"
S63072D,"Subluxation of distal end of left ulna, subsequent encounter"
S63111A,"Subluxation of MCP joint of right thumb, init"
S63135S,"Disloc of proximal interphaln joint of left thumb, sequela"
S63209D,"Unspecified subluxation of unspecified finger, subs encntr"
S63226A,"Sublux of unsp interphaln joint of r little finger, init"
S63242S,"Sublux of distal interphaln joint of r mid finger, sequela"
S63259D,"Unspecified dislocation of unspecified finger, subs encntr"
S63276A,"Disloc of unsp interphaln joint of r little finger, init"
S63292S,"Disloc of distal interphaln joint of r mid finger, sequela"
S63331D,"Traum rupture of right ulnocarpal (palmar) ligament, subs"
S63411A,"Traum rupt of collat ligmt of l idx fngr at MCP/IP jt, init"
S63427S,"Traum rupt of palmar ligmt of l lit fngr at MCP/IP jt, sqla"
S63494D,"Traum rupture of ligament of r rng fngr at MCP/IP jt, subs"
S63599A,"Other specified sprain of unspecified wrist, init encntr"
S63629S,"Sprain of interphalangeal joint of unsp thumb, sequela"
S63653D,"Sprain of MCP joint of left middle finger, subs"
S63697A,"Other sprain of left little finger, initial encounter"
S6421XS,"Injury of radial nerve at wrs/hnd lv of right arm, sequela"
S648X9D,"Injury of nerves at wrist and hand level of unsp arm, subs"
S65112A,"Laceration of radial artery at wrs/hnd lv of left arm, init"
S65309S,"Unsp injury of deep palmar arch of unspecified hand, sequela"
S65501D,"Unsp injury of blood vessel of left index finger, subs"
S65518A,"Laceration of blood vessel of other finger, init encntr"
S65812S,"Lacerat blood vessels at wrs/hnd lv of left arm, sequela"
S66011D,"Strain long flexor musc/fasc/tend r thm at wrs/hnd lv, subs"
S66108A,"Unsp inj flexor musc/fasc/tend finger at wrs/hnd lv, init"
S66124S,"Lacerat flexor musc/fasc/tend r rng fngr at wrs/hnd lv, sqla"
S66202D,"Unsp inj extensor musc/fasc/tend l thm at wrs/hnd lv, subs"
S66306A,"Unsp inj extn musc/fasc/tend r lit fngr at wrs/hnd lv, init"
S66322S,"Lacerat extn musc/fasc/tend r mid finger at wrs/hnd lv, sqla"
S66399D,"Inj extensor musc/fasc/tend unsp finger at wrs/hnd lv, subs"
S66504A,"Unsp inj intrns musc/fasc/tend r rng fngr at wrs/hnd lv,init"
S66520S,"Lacerat intrns musc/fasc/tend r idx fngr at wrs/hnd lv, sqla"
S66597D,"Inj intrns musc/fasc/tend l little fngr at wrs/hnd lv, subs"
S66909A,"Unsp inj unsp musc/fasc/tend at wrs/hnd lv, unsp hand, init"
S67192S,"Crushing injury of right middle finger, sequela"
S6791XD,"Crushing inj unsp part(s) of r wrist, hand and fingers, subs"
S68119A,"Complete traumatic MCP amputation of unsp finger, init"
S68429S,"Partial traumatic amp of unsp hand at wrist level, sequela"
S68620D,"Partial traumatic trnsphal amputation of r idx fngr, subs"
S6981XA,"Oth injuries of right wrist, hand and finger(s), init encntr"
S70229S,"Blister (nonthermal), unspecified hip, sequela"
S70322D,"Blister (nonthermal), left thigh, subsequent encounter"
S70921A,"Unspecified superficial injury of right thigh, init encntr"
S71042S,"Puncture wound with foreign body, left hip, sequela"
S71141D,"Puncture wound with foreign body, right thigh, subs encntr"
S72009B,"Fx unsp part of neck of unsp femur, init for opn fx type I/2"
S72019D,"Unsp intracap fx unsp femur, subs for clos fx w routn heal"
S72023F,"Disp fx of epiphy (separation) (upper) of unsp femr, 7thF"
S72026H,"Nondisp fx of epiphy (separation) (upper) of unsp femr, 7thH"
S72033K,"Displ midcervical fx unsp femur, subs for clos fx w nonunion"
S72036N,"Nondisp midcervical fx unsp femr, 7thN"
S72043Q,"Disp fx of base of nk of unsp femr, 7thQ"
S72046S,"Nondisp fx of base of neck of unspecified femur, sequela"
S72061B,"Displaced artic fx head of r femur, init for opn fx type I/2"
S72064D,"Nondisp artic fx head of r femr, 7thD"
S72091F,"Oth fx head/neck of r femr, 7thF"
S72101H,"Unsp trochan fx r femr, 7thH"
S72111K,"Disp fx of greater trochanter of r femr, 7thK"
S72114N,"Nondisp fx of greater trochanter of r femr, 7thN"
S72121Q,"Disp fx of less trochanter of r femr, 7thQ"
S72124S,"Nondisp fx of lesser trochanter of right femur, sequela"
S72132B,"Displaced apophyseal fx left femur, init for opn fx type I/2"
S72135D,"Nondisp apophyseal fx l femur, subs for clos fx w routn heal"
S72142F,"Displ intertroch fx l femr, 7thF"
S72145H,"Nondisp intertroch fx l femr, 7thH"
S7222XK,"Displaced subtrochnt fx l femur, subs for clos fx w nonunion"
S7225XN,"Nondisp subtrochnt fx l femr, 7thN"
S72302Q,"Unsp fx shaft of l femr, subs for opn fx type I/2 w malunion"
S72322S,"Displaced transverse fx shaft of left femur, sequela"
S72326B,"Nondisp transverse fx shaft of unsp femr, 7thB"
S72333D,"Displ oblique fx shaft of unsp femr, 7thD"
S72336F,"Nondisp oblique fx shaft of unsp femr, 7thF"
S72343H,"Displ spiral fx shaft of unsp femr, 7thH"
S72346K,"Nondisp spiral fx shaft of unsp femr, 7thK"
S72353N,"Displ commnt fx shaft of unsp femr, 7thN"
S72356Q,"Nondisp commnt fx shaft of unsp femr, 7thQ"
S72363S,"Displaced segmental fracture of shaft of unsp femur, sequela"
S72391B,"Oth fx shaft of right femur, init for opn fx type I/2"
S72401D,"Unsp fx lower end of r femur, subs for clos fx w routn heal"
S72411F,"Displ unsp condyle fx low end r femr, 7thF"
S72414H,"Nondisp unsp condyle fx low end r femr, 7thH"
S72421K,"Disp fx of lateral condyle of r femr, 7thK"
S72424N,"Nondisp fx of lateral condyle of r femr, 7thN"
S72431Q,"Disp fx of med condyle of r femr, 7thQ"
S72434S,"Nondisp fx of medial condyle of right femur, sequela"
S72442B,"Disp fx of low epiphy (separation) of l femr, 7thB"
S72445D,"Nondisp fx of low epiphy (separation) of l femr, 7thD"
S72452F,"Displ suprcndl fx w/o intrcndl extn low end l femr, 7thF"
S72455H,"Nondisp suprcndl fx w/o intrcndl extn low end l femr, 7thH"
S72462K,"Displ suprcndl fx w intrcndl extn low end l femr, 7thK"
S72465N,"Nondisp suprcndl fx w intrcndl extn low end l femr, 7thN"
S72491N,"Oth fx low end r femr, 7thN"
S728X1Q,"Oth fx right femur, subs for opn fx type I/2 w malunion"
S7290XS,"Unspecified fracture of unspecified femur, sequela"
S73006S,"Unspecified dislocation of unspecified hip, sequela"
S73035D,"Other anterior dislocation of left hip, subsequent encounter"
S73191A,"Other sprain of right hip, initial encounter"
S7491XS,"Injury of unsp nerve at hip and thi lev, right leg, sequela"
S75111D,"Minor lacerat femor vein at hip and thi lev, right leg, subs"
S75229A,"Major lacerat great saph at hip and thi lev, unsp leg, init"
S75911S,"Lacerat unsp blood vess at hip and thi lev, right leg, sqla"
S76099D,"Inj muscle, fascia and tendon of unsp hip, subs encntr"
S76212A,"Strain of adductor musc/fasc/tend left thigh, init"
S76329S,"Lacerat msl/fasc/tnd post grp at thi lev, unsp thigh, sqla"
S76902D,"Unsp inj unsp musc/fasc/tend at thi lev, left thigh, subs"
S7720XA,"Crushing injury of unspecified hip with thigh, init encntr"
S78912S,"Complete traum amp of l hip and thigh, level unsp, sequela"
S79091D,"Oth physl fx upper end of r femur, subs for fx w routn heal"
S79119K,"Sltr-haris Type I physl fx low end unsp femr, 7thK"
S79142S,"Sltr-haris Type IV physeal fx lower end of l femur, sequela"
S79919D,"Unspecified injury of unspecified hip, subsequent encounter"
S80242A,"External constriction, left knee, initial encounter"
S80829S,"Blister (nonthermal), unspecified lower leg, sequela"
S80922D,"Unsp superficial injury of left lower leg, subs encntr"
S81051A,"Open bite, right knee, initial encounter"
S81842S,"Puncture wound with foreign body, left lower leg, sequela"
S82009F,"Unsp fx unsp patella, 7thF"
S82013H,"Displ osteochon fx unsp patella, 7thH"
S82016K,"Nondisp osteochon fx unsp patella, 7thK"
S82023N,"Displ longitud fx unsp patella, 7thN"
S82026Q,"Nondisp longitud fx unsp patella, 7thQ"
S82033S,"Displaced transverse fracture of unsp patella, sequela"
S82041B,"Displaced commnt fx right patella, init for opn fx type I/2"
S82044D,"Nondisp commnt fx r patella, subs for clos fx w routn heal"
S82091F,"Oth fx r patella, subs for opn fx type 3A/B/C w routn heal"
S82101H,"Unsp fx upr end r tibia, 7thH"
S82111K,"Disp fx of right tibial spine, subs for clos fx w nonunion"
S82114N,"Nondisp fx of r tibial spin, 7thN"
S82121Q,"Disp fx of lateral condyle of r tibia, 7thQ"
S82124S,"Nondisp fx of lateral condyle of right tibia, sequela"
S82132B,"Disp fx of med condyle of l tibia, init for opn fx type I/2"
S82135D,"Nondisp fx of med condyle of l tibia, 7thD"
S82142F,"Displ bicondylar fx l tibia, 7thF"
S82145H,"Nondisp bicondylar fx l tibia, 7thH"
S82152K,"Disp fx of l tibial tuberosity, subs for clos fx w nonunion"
S82155N,"Nondisp fx of l tibial tuberosity, 7thN"
S82191N,"Oth fx upr end r tibia, 7thN"
S82201Q,"Unsp fx shaft of r tibia, 7thQ"
S82221S,"Displaced transverse fx shaft of right tibia, sequela"
S82225B,"Nondisp transverse fx shaft of l tibia, 7thB"
S82232D,"Displ oblique fx shaft of l tibia, 7thD"
S82235F,"Nondisp oblique fx shaft of l tibia, 7thF"
S82242H,"Displ spiral fx shaft of l tibia, 7thH"
S82245K,"Nondisp spiral fx shaft of l tibia, 7thK"
S82252N,"Displ commnt fx shaft of l tibia, 7thN"
S82255Q,"Nondisp commnt fx shaft of l tibia, 7thQ"
S82262S,"Displaced segmental fracture of shaft of left tibia, sequela"
S82266B,"Nondisp seg fx shaft of unsp tibia, init for opn fx type I/2"
S82299D,"Oth fx shaft of unsp tibia, subs for clos fx w routn heal"
S82309F,"Unsp fx low end unsp tibia, 7thF"
S82392F,"Oth fx low end l tibia, 7thF"
S82402H,"Unsp fx shaft of l fibula, 7thH"
S82422K,"Displ transverse fx shaft of l fibula, 7thK"
S82425N,"Nondisp transverse fx shaft of l fibula, 7thN"
S82432Q,"Displ oblique fx shaft of l fibula, 7thQ"
S82435S,"Nondisp oblique fracture of shaft of left fibula, sequela"
S82443B,"Displ spiral fx shaft of unsp fibula, 7thB"
S82446D,"Nondisp spiral fx shaft of unsp fibula, 7thD"
S82453F,"Displ commnt fx shaft of unsp fibula, 7thF"
S82456H,"Nondisp commnt fx shaft of unsp fibula, 7thH"
S82463K,"Displ seg fx shaft of unsp fibula, 7thK"
S82466N,"Nondisp seg fx shaft of unsp fibula, 7thN"
S82499Q,"Oth fx shaft of unsp fibula, 7thQ"
S8253XS,"Disp fx of medial malleolus of unspecified tibia, sequela"
S8261XB,"Disp fx of lateral malleolus of r fibula, 7thB"
S8264XD,"Nondisp fx of lateral malleolus of r fibula, 7thD"
S82811S,"Torus fracture of upper end of right fibula, sequela"
S82832D,"Oth fx upr & low end l fibula, subs for clos fx w routn heal"
S82842F,"Displ bimalleol fx l low leg, 7thF"
S82845H,"Nondisp bimalleol fx l low leg, 7thH"
S82852K,"Displ trimalleol fx l low leg, subs for clos fx w nonunion"
S82855N,"Nondisp trimalleol fx l low leg, 7thN"
S82862Q,"Displ Maisonneuve's fx l leg, 7thQ"
S82865S,"Nondisplaced Maisonneuve's fracture of left leg, sequela"
S82873B,"Displaced pilon fx unsp tibia, init for opn fx type I/2"
S82876D,"Nondisp pilon fx unsp tibia, subs for clos fx w routn heal"
S82899F,"Oth fx unsp low leg, 7thF"
S8292XH,"Unsp fx l low leg, subs for opn fx type I/2 w delay heal"
S83092S,"Other subluxation of left patella, sequela"
S83121D,"Posterior sublux of proximal end of tibia, right knee, subs"
S83146A,"Lateral disloc of proximal end of tibia, unsp knee, init"
S83211S,"Bucket-hndl tear of medial mensc, crnt injury, r knee, sqla"
S83269D,"Prph tear of lat mensc, current injury, unsp knee, subs"
S83422A,"Sprain of lateral collateral ligament of left knee, init"
S838X9S,"Sprain of other specified parts of unspecified knee, sequela"
S8491XD,"Injury of unsp nerve at lower leg level, right leg, subs"
S85121A,"Oth injury of unsp tibial artery, right leg, init encntr"
S85172S,"Laceration of posterior tibial artery, left leg, sequela"
S85311D,"Lacerat great saphenous at lower leg level, right leg, subs"
S85509A,"Unsp injury of popliteal vein, unspecified leg, init encntr"
S85901S,"Unsp inj unsp blood vess at low leg level, right leg, sqla"
S86029D,"Laceration of unspecified Achilles tendon, subs encntr"
S86202A,"Unsp inj musc/tend ant grp at low leg level, left leg, init"
S86319S,"Strain musc/tend peroneal grp at low leg lev, unsp leg, sqla"
S86892D,"Inj oth musc/tend at lower leg level, left leg, subs"
S8780XA,"Crushing injury of unspecified lower leg, initial encounter"
S88912S,"Complete traumatic amp of l low leg, level unsp, sequela"
S89021D,"Sltr-haris Type II physl fx upr end r tibia, 7thD"
S89049K,"Sltr-haris Type IV physl fx upr end unsp tibia, 7thK"
S89112S,"Sltr-haris Type I physeal fx lower end of l tibia, sequela"
S89142D,"Sltr-haris Type IV physl fx low end l tibia, 7thD"
S89211K,"Sltr-haris Type I physl fx upr end r fibula, 7thK"
S89299S,"Other physeal fracture of upper end of unsp fibula, sequela"
S89329D,"Sltr-haris Type II physl fx low end unsp fibula, 7thD"
S90111A,"Contusion of right great toe w/o damage to nail, init encntr"
S90412S,"Abrasion, left great toe, sequela"
S90451D,"Superficial foreign body, right great toe, subs encntr"
S90476A,"Other superficial bite of unsp lesser toe(s), init encntr"
S90571S,"Other superficial bite of ankle, right ankle, sequela"
S90869D,"Insect bite (nonvenomous), unspecified foot, subs encntr"
S91002A,"Unspecified open wound, left ankle, initial encounter"
S91059S,"Open bite, unspecified ankle, sequela"
S91123D,"Laceration w fb of unsp great toe w/o damage to nail, subs"
S91146A,"Pnctr w fb of unsp lesser toe(s) w/o damage to nail, init"
S91211S,"Lac w/o fb of right great toe w damage to nail, sequela"
S91234D,"Pnctr w/o fb of right lesser toe(s) w damage to nail, subs"
S91259A,"Open bite of unsp toe(s) with damage to nail, init encntr"
S91351S,"Open bite, right foot, sequela"
S92014B,"Nondisp fx of body of right calcaneus, init for opn fx"
S92025D,"Nondisp fx of ant pro of l calcaneus, 7thD"
S92036G,"Nondisp avuls fx tuberosity of unsp calcaneus, 7thG"
S92051K,"Displ oth extrartic fx r calcaneus, subs for fx w nonunion"
S92062P,"Displaced intartic fx l calcaneus, subs for fx w malunion"
S92109S,"Unspecified fracture of unspecified talus, sequela"
S92122A,"Disp fx of body of left talus, init for clos fx"
S92133B,"Disp fx of posterior process of unsp talus, init for opn fx"
S92144D,"Nondisp dome fx right talus, subs for fx w routn heal"
S92155G,"Nondisp avuls fx (chip fracture) of l talus, 7thG"
S92209K,"Fx unsp tarsal bone(s) of unsp foot, subs for fx w nonunion"
S92221P,"Disp fx of lateral cuneiform of r ft, subs for fx w malunion"
S92232S,"Disp fx of intermediate cuneiform of left foot, sequela"
S92244A,"Nondisp fx of medial cuneiform of right foot, init"
S92255B,"Nondisp fx of navicular of left foot, init for opn fx"
S92313D,"Disp fx of 1st metatarsal bone, unsp ft, 7thD"
S92324G,"Nondisp fx of 2nd metatarsal bone, r ft, 7thG"
S92335K,"Nondisp fx of 3rd metatarsal bone, l ft, 7thK"
S92346P,"Nondisp fx of 4th metatarsal bone, unsp ft, 7thP"
S92401S,"Displaced unspecified fracture of right great toe, sequela"
S92413A,"Disp fx of proximal phalanx of unsp great toe, init"
S92424B,"Nondisp fx of dist phalanx of r great toe, init for opn fx"
S92502D,"Displ unsp fx left lesser toe(s), subs for fx w routn heal"
S92513G,"Disp fx of prox phalanx of unsp less toe(s), 7thG"
S92524K,"Nondisp fx of middle phalanx of r less toe(s), 7thK"
S92535P,"Nondisp fx of dist phalanx of l less toe(s), 7thP"
S92819S,"Other fracture of unspecified foot, sequela"
S9303XD,"Subluxation of unspecified ankle joint, subsequent encounter"
S93121A,"Dislocation of MTP joint of right great toe, init"
S93143S,"Subluxation of MTP joint of unsp great toe, sequela"
S93321D,"Subluxation of tarsometatarsal joint of right foot, subs"
S93419A,"Sprain of calcaneofibular ligament of unsp ankle, init"
S93509S,"Unspecified sprain of unspecified toe(s), sequela"
S93609D,"Unspecified sprain of unspecified foot, subsequent encounter"
S9421XA,"Injury of deep peroneal nrv at ank/ft level, right leg, init"
S95019S,"Laceration of dorsal artery of unspecified foot, sequela"
S95212D,"Laceration of dorsal vein of left foot, subsequent encounter"
S95911A,"Lacerat unsp blood vessel at ank/ft level, right leg, init"
S96092S,"Inj msl/tnd lng flxr msl toe at ank/ft level, l foot, sqla"
S96211D,"Strain of intrinsic msl/tnd at ank/ft level, r foot, subs"
S96829A,"Lacerat muscles and tendons at ank/ft level, unsp foot, init"
S9700XS,"Crushing injury of unspecified ankle, sequela"
S98019D,"Complete traumatic amp of unsp foot at ankle level, subs"
S98212A,"Complete traumatic amp of two or more left lesser toes, init"
S98929S,"Partial traumatic amp of unsp foot, level unsp, sequela"
S99022A,"Salter-Harris Type II physeal fracture of l calcaneus, init"
S99049B,"Sltr-haris Type IV physeal fx unspecified calcaneus, 7thB"
S99111D,"Sltr-haris Type I physeal fracture of right metatarsal, 7thD"
S99132G,"Sltr-haris Type III physeal fx left metatarsal, 7thG"
S99199K,"Other physeal fracture of unspecified metatarsal, 7thK"
S99221P,"Sltr-haris Type II physeal fx phalanx of right toe, 7thP"
S99242S,"Sltr-haris Type IV physeal fx phalanx of left toe, sequela"
S99912A,"Unspecified injury of left ankle, initial encounter"
T1592XS,"Foreign body on external eye, part unsp, left eye, sequela"
T17318D,"Gastric contents in larynx causing other injury, subs encntr"
T17520A,"Food in bronchus causing asphyxiation, initial encounter"
T17920S,"Food in resp tract, part unsp causing asphyxiation, sequela"
T188XXD,"Foreign body in other parts of alimentary tract, subs encntr"
T2006XA,"Burn of unsp degree of forehead and cheek, init encntr"
T20212S,"Burn of second degree of left ear, sequela"
T2036XD,"Burn of third degree of forehead and cheek, subs encntr"
T20519A,"Corrosion of first degree of unspecified ear, init"
T2066XS,"Corrosion of second degree of forehead and cheek, sequela"
T2103XD,"Burn of unspecified degree of upper back, subs encntr"
T2122XA,"Burn of second degree of abdominal wall, initial encounter"
T2140XS,"Corrosion of unsp degree of trunk, unsp site, sequela"
T2159XD,"Corrosion of first degree of other site of trunk, subs encntr"
T2177XA,"Corrosion of third degree of female genital region, init encntr"
T22052S,"Burn of unspecified degree of left shoulder, sequela"
T22139D,"Burn of first degree of unspecified upper arm, subs encntr"
T22221A,"Burn of second degree of right elbow, initial encounter"
T22292S,"Burn 2nd deg mul sites of l shldr/up lmb, ex wrs/hnd, sqla"
T22359D,"Burn of third degree of unspecified shoulder, subs encntr"
T22441A,"Corrosion of unspecified degree of right axilla, initial encounter"
T22521S,"Corrosion of first degree of right elbow, sequela"
T22599D,"Corros 1st deg mult sites of shldr/up lmb, ex wrs/hnd, subs"
T22661A,"Corrosion of second degree of right scapular region, init encntr"
T22741S,"Corrosion of third degree of right axilla, sequela"
T23019D,"Burn of unsp degree of unsp thumb (nail), subs encntr"
T23072A,"Burn of unspecified degree of left wrist, initial encounter"
T23139S,"Burn first degree of unsp mult fngr, not inc thumb, sql"
T23202D,"Burn of second degree of left hand, unsp site, subs encntr"
T23261A,"Burn of second degree of back of right hand, init encntr"
T23322S,"Burn third degree of single l finger except thumb, sqla"
T23391D,"Burn of 3rd deg mu sites of right wrist and hand, subs"
T23449A,"Corros unsp degree of unsp mult fngr (nail), inc thumb, init"
T23511S,"Corrosion of first degree of right thumb (nail), sequela"
T23569D,"Corrosion of first degree of back of unspecified hand, subs encntr"
T23632A,"Corros 2nd deg mul left fingers (nail), not inc thumb, init"
T23699S,"Corrosion of 2nd deg mul sites of unsp wrs/hnd, sequela"
T23752D,"Corrosion of third degree of left palm, subs encntr"
T24021A,"Burn of unspecified degree of right knee, initial encounter"
T24122S,"Burn of first degree of left knee, sequela"
T24231D,"Burn of second degree of right lower leg, subs encntr"
T24339A,"Burn of third degree of unspecified lower leg, init encntr"
T24491S,"Corros unsp deg mult sites of r low limb, ex ank/ft, sqla"
T24599D,"Corros 1st deg mult sites of unsp low limb, ex ank/ft, subs"
T24702A,"Corros third deg of unsp site left low limb, ex ank/ft, init"
T25019S,"Burn of unspecified degree of unspecified ankle, sequela"
T25132D,"Burn of first degree of left toe(s) (nail), subs encntr"
T25311A,"Burn of third degree of right ankle, initial encounter"
T25422S,"Corrosion of unspecified degree of left foot, sequela"
T25591D,"Corrosion of first deg mult sites of right ank/ft, subs"
T25719A,"Corrosion of third degree of unspecified ankle, init encntr"
T2620XS,"Burn w resulting rupture and dest of unsp eyeball, sequela"
T2672XD,"Corrosion w resulting rupture and dest of left eyeball, subs"
T282XXA,"Burn of other parts of alimentary tract, initial encounter"
T310,Burns involving less than 10% of body surface
T3195,Burns of 90%/more of body surfc w 50-59% third degree burns
T3290,Corros 90%/more of body surfc w 0% to 9% third degree corros
T33519D,"Superficial frostbite of unspecified wrist, subs encntr"
T33822A,"Superficial frostbite of left foot, initial encounter"
T3441XS,"Frostbite with tissue necrosis of right arm, sequela"
T34811D,"Frostbite with tissue necrosis of right ankle, subs encntr"
T361X1A,"Poisoning by cephalospor/oth beta-lactm antibiot, acc, init"
T363X5S,"Adverse effect of macrolides, sequela"
T366X4D,"Poisoning by rifampicins, undetermined, subsequent encounter"
T3693XA,"Poisoning by unsp systemic antibiotic, assault, init encntr"
T372X1S,"Poisn by antimalari/drugs acting on bld protzoa, acc, sqla"
T374X6D,"Underdosing of anthelminthics, subsequent encounter"
T3795XA,"Advrs effect of unsp sys anti-infect and antiparasitic, init"
T382X3S,"Poisoning by antithyroid drugs, assault, sequela"
T385X2D,"Poisoning by oth estrogens and progestogens, self-harm, subs"
T38801A,"Poisoning by unsp hormones and synthetic sub, acc, init"
T38895S,"Adverse effect of hormones and synthetic sub, sequela"
T39014D,"Poisoning by aspirin, undetermined, subsequent encounter"
T392X3A,"Poisoning by pyrazolone derivatives, assault, init encntr"
T394X1S,"Poisoning by antirheumatics, NEC, accidental, sequela"
T3996XD,"Underdosing of unsp nonopi analgs/antipyr/antirheu, subs"
T402X6A,"Underdosing of other opioids, initial encounter"
T40424S,"Poisoning by tramadol, undetermined, sequela "
T405X3D,"Poisoning by cocaine, assault, subsequent encounter"
T40712A,"Poisoning by cannabis, self-harm, initial encounter"
T407X6S,"Underdosing of cannabis (derivatives), sequela"
T40996D,"Underdosing of other psychodysleptics, subsequent encounter"
T41205A,"Adverse effect of unsp general anesthetics, init encntr"
T4143XS,"Poisoning by unspecified anesthetic, assault, sequela"
T421X2D,"Poisoning by iminostilbenes, intentional self-harm, subs"
T424X1A,"Poisoning by benzodiazepines, accidental, init"
T426X5S,"Adverse effect of antieplptc and sed-hypntc drugs, sequela"
T43014D,"Poisoning by tricyclic antidepressants, undetermined, subs"
T43203A,"Poisoning by unsp antidepressants, assault, init encntr"
T43291S,"Poisoning by oth antidepressants, accidental, sequela"
T434X6D,"Underdosing of butyrophen/thiothixen neuroleptics, subs"
T43605A,"Adverse effect of unspecified psychostimulants, init encntr"
T43633S,"Poisoning by methylphenidate, assault, sequela"
T438X4D,"Poisoning by oth psychotropic drugs, undetermined, subs"
T441X3A,"Poisoning by oth parasympathomimetics, assault, init encntr"
T444X1S,"Poisoning by predom alpha-adrenocpt agonists, acc, sequela"
T446X6D,"Underdosing of alpha-adrenoreceptor antagonists, subs encntr"
T44905A,"Advrs effect of unsp drugs aff the autonm nervous sys, init"
T451X3S,"Poisoning by antineopl and immunosup drugs, assault, sequela"
T454X2D,"Poisoning by iron and its compounds, self-harm, subs"
T45601A,"Poisoning by unsp fibrin-affct drugs, accidental, init"
T45625S,"Adverse effect of hemostatic drug, sequela"
T458X4D,"Poisn by oth prim systemic and hematolog agents, undet, subs"
T460X3A,"Poisn by cardi-stim glycos/drug simlar act, assault, init"
T463X1S,"Poisoning by coronary vasodilators, accidental, sequela"
T465X6D,"Underdosing of other antihypertensive drugs, subs encntr"
T468X5A,"Adverse effect of antivaric drugs, inc scler agents, init"
T470X3S,"Poisn by histamine H2-receptor blockers, assault, sequela"
T473X2D,"Poisoning by saline and osmotic laxatives, self-harm, subs"
T476X1A,"Poisoning by antidiarrheal drugs, accidental, init"
T478X5S,"Adverse effect of agents primarily affecting GI sys, sequela"
T481X4D,"Poisoning by skeletal muscle relaxants, undetermined, subs"
T483X3A,"Poisoning by antitussives, assault, initial encounter"
T486X1S,"Poisoning by antiasthmatics, accidental, sequela"
T48996D,"Underdosing of agents primarily acting on the resp sys, subs"
T492X5A,"Adverse effect of local astringents/detergents, init"
T495X3S,"Poisoning by opth drugs and preparations, assault, sequela"
T498X2D,"Poisoning by oth topical agents, intentional self-harm, subs"
T501X1A,"Poisoning by loop diuretics, accidental, init"
T503X5S,"Adverse effect of electrolytic/caloric/wtr-bal agnt, sequela"
T506X4D,"Poisoning by antidotes and chelating agents, undet, subs"
T50903A,"Poisoning by unsp drug/meds/biol subst, assault, init"
T50A11S,"Poisn by pertuss vaccine, inc combin w pertuss, acc, sqla"
T50A96D,"Underdosing of other bacterial vaccines, subs encntr"
T50Z15A,"Adverse effect of immunoglobulin, initial encounter"
T512X1S,"Toxic effect of 2-Propanol, accidental, sequela"
T520X2D,"Toxic effect of petroleum products, self-harm, subs"
T524X3A,"Toxic effect of ketones, assault, initial encounter"
T531X3S,"Toxic effect of chloroform, assault, sequela"
T535X4D,"Toxic effect of chlorofluorocarbons, undetermined, subs"
T541X1A,"Toxic effect of corrosive organic compounds, acc, init"
T550X1S,"Toxic effect of soaps, accidental (unintentional), sequela"
T562X2D,"Toxic effect of chromium and its compounds, self-harm, subs"
T566X3A,"Toxic effect of tin and its compounds, assault, init encntr"
T56893S,"Toxic effect of other metals, assault, sequela"
T572X4D,"Toxic effect of manganese and its compounds, undet, subs"
T5811XA,"Toxic effect of carb monx from utility gas, acc, init"
T590X1S,"Toxic effect of nitrogen oxides, accidental, sequela"
T594X2D,"Toxic effect of chlorine gas, intentional self-harm, subs"
T59813A,"Toxic effect of smoke, assault, initial encounter"
T601X3S,"Toxic effect of halogenated insecticides, assault, sequela"
T608X4D,"Toxic effect of other pesticides, undetermined, subs encntr"
T61781A,"Oth shellfish poisoning, accidental (unintentional), init"
T621X1S,"Toxic effect of ingested berries, accidental, sequela"
T63002D,"Toxic effect of unsp snake venom, self-harm, subs"
T63043A,"Toxic effect of cobra venom, assault, initial encounter"
T63093S,"Toxic effect of venom of other snake, assault, sequela"
T632X4D,"Toxic effect of venom of scorpion, undetermined, subs encntr"
T63391A,"Toxic effect of venom of spider, accidental, init"
T63441S,"Toxic effect of venom of bees, accidental, sequela"
T63512D,"Toxic effect of contact w stingray, self-harm, subs"
T63633A,"Toxic effect of contact w sea anemone, assault, init encntr"
T63813S,"Toxic effect of contact with venomous frog, assault, sequela"
T6394XD,"Toxic effect of contact w unsp venomous animal, undet, subs"
T65211A,"Toxic effect of chewing tobacco, accidental, init"
T654X1S,"Toxic effect of carbon disulfide, accidental, sequela"
T65822D,"Toxic eff of harmful algae and algae toxins, slf-hrm, subs"
T672XXA,"Heat cramp, initial encounter"
T698XXS,"Other specified effects of reduced temperature, sequela"
T71124D,"Asphyxiation due to plastic bag, undetermined, subs encntr"
T71192A,"Asphyx d/t mech thrt to breathe d/t oth cause, slf-hrm, init"
T731XXS,"Deprivation of water, sequela"
T7462XD,"Child forced labor exploitation, confirmed, subs"
T7601XA,"Adult neglect or abandonment, suspected, initial encounter"
T7802XS,"Anaphyl reaction due to shellfish (crustaceans), sequela"
T792XXD,"Traumatic secondary and recurrent hemor and seroma, subs"
T801XXA,"Vascular comp fol infusn, tranfs and theraputc inject, init"
T8049XS,"Oth Rh incompat react due to tranfs of bld/bld prod, sequela"
T80A10D,"Non-ABO incompat w acute hemolytic transfs react, subs"
T8141XA,"Infct fol a proc, superfic incisional surgical site, init"
T81510S,"Adhes due to fb acc left in body fol surgical op, sequela"
T81527D,"Obst due to fb acc left in body fol remov cath/pack, subs"
T81594A,"Oth comp of fb acc left in body following endo exam, init"
T8183XS,"Persistent postprocedural fistula, sequela"
T82198D,"Mech compl of other cardiac electronic device, subs encntr"
T82322A,"Displacement of femoral arterial graft (bypass), init encntr"
T8249XS,"Other complication of vascular dialysis catheter, sequela"
T82530D,"Leakage of surgically created arteriovenous fistula, subs"
T827XXA,"Infect/inflm react d/t oth cardi/vasc dev/implnt/grft, init"
T82898S,"Oth complication of vascular prosth dev/grft, sequela"
T83098D,"Mech compl of oth urinary catheter, subs encntr"
T8322XA,"Displacement of graft of urinary organ, initial encounter"
T83498S,"Mech compl of prosth dev/implnt/grft of genitl trct, sequela"
T83712D,"Erosn implnt urethral mesh to surrnd org/tiss, subs"
T8386XA,"Thrombosis due to genitourinary prosth dev/grft, init"
T84031S,"Mech loosening of internal left hip prosth joint, sequela"
T84060D,"Wear of artic bearing surface of int prosth r hip jt, subs"
T84115A,"Breakdown (mechanical) of int fix of left femur, init"
T84193S,"Mech compl of int fix of bone of left forearm, sequela"
T84298D,"Mech compl of internal fixation device of oth bones, subs"
T8454XA,"Infect/inflm reaction due to internal left knee prosth, init"
T84629S,"Infect/inflm react due to int fix of unsp bone of leg, sqla"
T85111D,"Brkdwn implanted electronic neurostim of periph nrv, subs"
T85310A,"Breakdown of prosthetic orbit of right eye, init"
T85518S,"Breakdown (mechanical) of GI prosth dev/grft, sequela"
T85623D,"Displacmnt of artif skin grft /decellular alloderm, subs"
T8572XA,"Infect/inflm reaction due to insulin pump, init"
T85838S,"Hemorrhage due to other internal prosth dev/grft, sequela"
T8612,Kidney transplant failure
T86848,Other complications of corneal transplant
T880XXA,"Infection following immunization, initial encounter"
V00111S,"Fall from in-line roller-skates, sequela"
V00188D,"Oth accident on oth rolling-type pedestrian conveyance, subs"
V00382A,"Ped on flat-bottomed ped convey collid w statnry obj, init"
V00898S,"Other accident on other pedestrian conveyance, sequela"
V01938D,"Ped oth stnd micr-mob conv inj clsn w pedl cyc, unsp, subs"
V02931A,"Ped on stnd electr scoot injured in clsn 2/3whl, unsp, init"
V0391XS,"Ped on rolr-skt inj pick-up truck, pk-up/van, unsp, sequela"
V0490XD,"Pedestrian on foot injured in collision w hv veh, unsp, subs"
V0519XA,"Ped w convey injured in clsn w rail trn/veh in traf, init"
V06131S,"Ped on stnd electr scoot inj clsn oth non-mv in traf, sqla"
V099XXD,"Pedestrian injured in unsp transport accident, subs encntr"
V122XXA,"Unsp pedl cyclst injured in clsn w 2/3-whl mv nontraf, init"
V144XXS,"Pedl cyc driver injured in clsn w hv veh in traf, sequela"
V170XXD,"Pedl cyc driver inj in clsn w statnry object nontraf, subs"
V1919XA,"Pedl cyc passenger injured in clsn w oth mv nontraf, init"
V2011XS,"Electc bike pasngr inj in clsn with ped/anml nontraf, sqla"
V209XXD,"Unsp mtrcy rider injured in clsn w ped/anml in traf, subs"
V2159XA,"Other mtrcy pasngr inj in clsn with pedl cyc in traf, init"
V223XXS,"Prsn brd/alit mtrcy injured in clsn w 2/3-whl mv, sequela"
V2329XD,"Unsp rider of mtrcy injured pick-up truck/van nontraf, subs"
V2411XA,"Electc bike pasngr injured in clsn with hv veh nontraf, init"
V2499XS,"Unsp rider of mtrcy inj in clsn with hv veh in traf, sequela"
V2551XD,"Electc bike pasngr injured in clsn train/veh in traf, subs"
V263XXA,"Prsn brd/alit mtrcy injured in clsn w nonmtr vehicle, init"
V2721XS,"Unsp electc bike rider inj clsn w statnry obj nontraf, sqla"
V280XXD,"Mtrcy driver injured in nonclsn trnsp accident nontraf, subs"
V2899XA,"Unsp rider of mtrcy inj in nonclsn trnsp acc in traf, init"
V2920XS,"Unsp mtrcy rider injured in clsn w unsp mv nontraf, sequela"
V29598D,"Other mtrcy pasngr injured in clsn with oth mv in traf, subs"
V300XXA,"Driver of 3-whl mv injured in clsn w ped/anml nontraf, init"
V317XXS,"Person outsd 3-whl mv inj in clsn w pedl cyc in traf, sqla"
V336XXD,"Pasngr in 3-whl mv inj pk-up truck, pk-up/van in traf, subs"
V355XXA,"Driver of 3-whl mv inj in clsn w rail trn/veh in traf, init"
V373XXS,"Occup of 3-whl mv inj in clsn w statnry object nontraf, sqla"
V3910XD,"Pasngr in 3-whl mv injured in clsn w unsp mv nontraf, subs"
V403XXA,"Unsp car occupant injured in clsn w ped/anml nontraf, init"
V421XXS,"Car passenger injured in clsn w 2/3-whl mv nontraf, sequela"
V4322XD,"Person outside car injured in collision w car nontraf, subs"
V4363XA,"Car passenger injured in clsn w pick-up truck in traf, init"
V446XXS,"Car passenger injured in collision w hv veh in traf, sequela"
V465XXD,"Car driver injured in clsn w nonmtr vehicle in traf, subs"
V475XXA,"Car driver injured in clsn with statnry object in traf, init"
V489XXS,"Unsp car occ injured in nonclsn trnsp acc in traf, sequela"
V500XXD,"Driver of pk-up/van injured in clsn w ped/anml nontraf, subs"
V519XXA,"Occup of pk-up/van injured in clsn w pedl cyc in traf, init"
V536XXS,"Pasngr in pk-up/van inj pk-up truck, pk-up/van in traf, sqla"
V555XXD,"Driver of pk-up/van inj in clsn w rail trn/veh in traf, subs"
V574XXA,"Prsn brd/alit pk-up/van inj in clsn w statnry object, init"
V5910XS,"Pasngr in pk-up/van inj in clsn w unsp mv nontraf, sequela"
V603XXD,"Occup of hv veh injured in clsn w ped/anml nontraf, subs"
V622XXA,"Person outside hv veh inj in clsn w 2/3-whl mv nontraf, init"
V640XXS,"Driver of hv veh injured in clsn w hv veh nontraf, sequela"
V659XXD,"Occup of hv veh injured in clsn w rail trn/veh in traf, subs"
V677XXA,"Person outsd hv veh inj in clsn w statnry obj in traf, init"
V6929XS,"Occup of hv veh injured in clsn w oth mv nontraf, sequela"
V706XXD,"Passenger on bus injured in clsn w ped/anml in traf, subs"
V725XXA,"Driver of bus injured in clsn w 2/3-whl mv in traf, init"
V743XXS,"Occup of bus injured in collision w hv veh nontraf, sequela"
V762XXD,"Person outsd bus inj in clsn w nonmtr vehicle nontraf, subs"
V781XXA,"Pasngr on bus injured in nonclsn trnsp acc nontraf, init"
V7949XS,"Driver of bus injured in collision w oth mv in traf, sequela"
V8041XD,"Animl-ridr inj pk-up truck, pick-up truck, van, hv veh, subs"
V80918A,"Animal-rider injured in oth transport accident, init encntr"
V8189XS,"Occ of rail trn/veh injured due to oth railway acc, sequela"
V835XXD,"Driver of special industrial vehicle injured nontraf, subs"
V854XXA,"Person inj wh brd/alit from special construct vehicle, init"
V8615XS,"Passenger of 3- or 4- wheeled ATV injured in traf, sequela"
V8641XD,"Person injured wh brd/alit from amblnc/fire eng, subs"
V8664XA,"Passenger of military vehicle injured nontraf, init"
V8696XS,"Occup of dirt bike or motor/cross bike inj nontraf, sequela"
V885XXD,"Person injured in clsn betw hv veh and bus, nontraf, subs"
V9008XA,"Drown due to unpowr wtrcrft overturning, init"
V9025XS,"Drown due to fall/jump fr burning canoe or kayak, sequela"
V9082XD,"Drown due to oth accident to fishing boat, subs"
V9109XA,"Burn due to unspecified watercraft on fire, init encntr"
V9126XS,"Fall d/t clsn betw inflatbl crft and oth wtrcrft/obj, sqla"
V9185XD,"Oth injury due to oth accident to canoe or kayak, subs"
V9212XA,"Drown d/t being thrown ovrbrd by motion of fish boat, init"
V9300XS,"Burn due to localized fire on board merchant vessel, sequela"
V9329XD,"Heat exposure on board unspecified watercraft, subs encntr"
V9350XA,"Explosion on board merchant ship, initial encounter"
V9384XS,"Oth injury due to other accident on board sailboat, sequela"
V9489XD,"Other water transport accident, subsequent encounter"
V9521XA,"Oth private fix-wing aircraft crash injuring occupant, init"
V9543XS,"Spacecraft collision injuring occupant, sequela"
V9614XD,"Hang-glider fire injuring occupant, subsequent encounter"
V9731XA,"Hit by object falling from aircraft, initial encounter"
W002XXS,"Oth fall from one level to another due to ice and snow, sqla"
W08XXXD,"Fall from other furniture, subsequent encounter"
W138XXA,"Fall from, out of or through oth building or structure, init"
W16211S,"Fall in (into) filled bathtub causing drown, sequela"
W16532D,"Jump/div into swim pool strk wall causing oth injury, subs"
W170XXA,"Fall into well, initial encounter"
W1831XS,"Fall on same level due to stepping on an object, sequela"
W2106XD,"Struck by volleyball, subsequent encounter"
W219XXA,"Striking against or struck by unsp sports equipment, init"
W241XXS,"Contact w transmission devices, NEC, sequela"
W292XXD,"Contact with other powered household machinery, subs encntr"
W3183XA,"Contact w special construct vehicle in stationary use, init"
W34010S,"Accidental discharge of airgun, sequela"
W38XXXD,"Explosion and rupture of oth pressurized devices, subs"
W44B4XA,"Plastic jewelry entering via natural orifice, init"
W44E4XS,"Non-magnetic metal jewelry entering via natrl orfc, sequela"
W451XXD,"Paper entering through skin, subsequent encounter"
W52XXXA,"Crushd/pushd/stepd on by crowd or human stampede, init"
W5512XS,"Struck by horse, sequela"
W5601XD,"Bitten by dolphin, subsequent encounter"
W5659XA,"Other contact with other fish, initial encounter"
W5911XS,"Bitten by nonvenomous snake, sequela"
W6119XD,"Other contact with macaw, subsequent encounter"
W6192XA,"Struck by other birds, initial encounter"
W881XXS,"Exposure to radioactive isotopes, sequela"
W940XXD,"Exposure to prolonged high air pressure, subs encntr"
X008XXA,"Oth exposure to uncontrolled fire in bldg, init"
X034XXS,"Hit by object due to controlled fire, not in bldg, sequela"
X088XXD,"Exposure to oth smoke, fire and flames, subs encntr"
X16XXXA,"Contact w hot heating appliances, radiators and pipes, init"
X3742XS,"Tidal wave due to storm, sequela"
X713XXD,"Intentional self-harm by drown in natural water, subs"
X771XXA,"Intentional self-harm by hot tap water, initial encounter"
X821XXS,"Intentional collision of motor vehicle with train, sequela"
X948XXD,"Assault by other larger firearm discharge, subs encntr"
X982XXA,"Assault by hot fluids, initial encounter"
Y040XXS,"Assault by unarmed brawl or fight, sequela"
Y0809XA,"Assault by strike by oth type of sport equipment, init"
Y239XXD,"Unsp larger firearm discharge, undetermined intent, subs"
Y29XXXA,"Contact with blunt object, undetermined intent, init encntr"
Y35029S,"Legal intrvnt w injury by handgun, unsp person inj, sequela"
Y35111D,"Legal intervnt w inj by dynamite, law enforc offl inj, subs"
Y35213A,"Legal intervnt w injury by tear gas, suspect injured, init"
Y35393S,"Legal intervnt w oth blunt objects, suspect injured, sequela"
Y35819D,"Legal intervnt w manhandling, unsp person injured, subs"
Y36021A,"War op involving explosion of marine mine, civilian, init"
Y36131S,"War op w dest arcrft due to onboard fire, civilian, sequela"
Y36260D,"War op involving fragmt of improv explosv device, milt, subs"
Y36411A,"War operations involving rubber bullets, civilian, init"
Y36501S,"War op w unsp effect of nuclear weapon, civilian, sequela"
Y36820D,"Explosn of bomb place dur war op but expld aft, milt, subs"
Y37040A,"Milt op involving explosion of torpedo, milt, init"
Y37190S,"Milt op involving oth dest arcrft, milt, sequela"
Y37271D,"Milt op involving fragments from weapons, civilian, subs"
Y37430A,"Milt op involving oth firearms discharge, milt, init"
Y37520S,"Milt op w indir blast effect of nuclr weapon, milt, sequela"
Y380X3D,"Terorsm w explosn of marine weapons, terrorist injured, subs"
Y386X2A,"Terrorism involving biolg weapons, civilian injured, init"
Y632,Overdose of radiation given during therapy
Y753,"Surgical instrumnt, matrl and neuro devices assoc w incdt"
Y845,"Insrt gastr/duodnl sound cause abn react/compl, w/o misadvnt"
Y9359,"Activity, oth w oth sports and athletics played individ"
Y93E9,"Activity, other interior property and clothing maintenance"
